# Blender 4.5.3 LTS
# www.blender.org
mtllib DUST BIN.mtl
o Dustbin
v 6.406562 3.578815 -13.238725
v 6.406562 4.179375 -13.238725
v 6.406562 4.479654 -13.758828
v 6.406562 4.179375 -14.278924
v 6.406562 3.578815 -14.278924
v 6.406562 3.278536 -13.758828
v -6.080483 3.578815 -13.238725
v -6.080483 4.179375 -13.238725
v -6.080483 4.479654 -13.758828
v -6.080483 4.179375 -14.278924
v -6.080483 3.578815 -14.278924
v -6.080483 3.278536 -13.758828
v 16.432289 9.736179 11.781363
v 19.499525 9.736179 6.135482
v 12.064560 10.134548 16.475868
v 12.051519 9.736183 16.457870
v 16.450083 10.134542 11.794318
v 12.073236 10.399549 16.487831
v 16.461906 10.399529 11.802917
v 12.127483 12.056200 16.562691
v 6.351189 10.134550 19.415894
v 19.520632 10.134552 6.142318
v 16.535858 12.056206 11.856727
v 6.344320 9.736183 19.394714
v 19.534660 10.399549 6.146865
v 6.384325 12.056202 19.518051
v 6.355759 10.399553 19.429970
v 20.567867 9.736217 -0.167764
v 19.622416 12.056210 6.175261
v 20.590118 10.134460 -0.167748
v 20.604925 10.399504 -0.167741
v 20.697529 12.056044 -0.167718
v 19.553389 9.736361 -6.520577
v 19.574524 10.134068 -6.527413
v 19.588604 10.399281 -6.531991
v 11.743822 11.771671 15.805037
v 16.194950 11.774357 11.505645
v 6.137861 11.768410 18.426239
v 19.008911 11.776184 5.994086
v -11.843620 9.736183 16.676147
v 19.676779 12.055355 -6.560685
v -6.281566 9.736183 19.402557
v -0.015465 11.764929 19.085167
v 19.879862 11.776947 -0.131860
v 16.604216 9.735647 -12.244058
v -6.288351 10.134550 19.423744
v -11.856426 10.134550 16.694374
v -6.047407 11.761606 17.707779
v 18.709995 11.776562 -6.205377
v -6.321116 12.056204 19.525948
v -11.918222 12.056204 16.782349
v -6.292868 10.399553 19.437843
v 16.622234 10.135771 -12.257203
v -11.864946 10.399551 16.706512
v -0.011694 12.056204 20.520966
v -11.322443 11.758791 14.460082
v 15.643911 11.775084 -11.579438
v 12.057762 9.736181 -16.779076
v -16.329130 10.134544 12.397864
v 12.070808 10.134546 -16.797035
v 16.634169 10.400209 -12.265870
v -16.340868 10.399542 12.406913
v 12.079491 10.399549 -16.808983
v 16.708418 12.058477 -12.319413
v -16.414251 12.056202 12.463431
v -16.311487 9.736181 12.384284
v -15.229305 11.756815 9.655196
v 10.981024 11.772650 -15.644464
v -19.296303 9.736181 6.713370
v 12.133766 12.056200 -16.883682
v 6.337364 9.736179 -19.693771
v -19.317181 10.134541 6.720832
v 5.261841 11.769547 -17.992203
v -17.367779 11.755875 3.851897
v -19.331068 10.399536 6.725791
v 6.348793 10.399506 -19.728928
v -19.417879 12.056202 6.756797
v 6.344230 10.134527 -19.714890
v -20.498703 9.736181 -1.544839
v 6.377326 12.056198 -19.816742
v -0.909770 11.766100 -18.355721
v -17.522518 11.756065 -2.331308
v -20.520884 10.134544 -1.546311
v -19.755068 9.736181 -6.050942
v -16.834473 11.756588 -5.357942
v -6.875793 11.762680 -16.711388
v -0.003762 12.056652 -20.837036
v -14.021288 11.758410 -10.869264
v -11.973873 11.759663 -13.203294
v -15.517773 9.736179 -13.788812
v -0.011648 9.736183 20.391342
v -19.776440 10.134544 -6.057298
v -20.535639 10.399548 -1.547288
v -19.790661 10.399544 -6.061524
v -20.627855 12.056202 -1.553437
v -19.879534 12.056202 -6.087937
v -12.494488 9.736179 -16.308434
v -15.534555 10.134542 -13.803536
v -12.507999 10.134542 -16.325890
v -12.516989 10.399546 -16.337486
v -15.615538 12.056200 -13.874574
v -15.545725 10.399540 -13.813333
v -12.573196 12.056202 -16.410072
v -0.011653 10.134550 20.413605
v -0.011658 10.399553 20.428421
v 4.254615 5.286600 -16.249908
v 4.254615 5.286600 -12.344911
v 5.838233 9.727369 -16.249908
v -4.262139 5.286600 -16.249908
v -4.262139 5.286600 -12.344911
v 5.709602 10.132353 -16.249908
v 5.370842 10.388880 -16.249908
v -0.003762 5.286600 -16.249908
v -0.003762 11.479919 -16.249908
v 3.501091 11.051535 -16.249908
v -3.508599 11.051535 -16.249908
v -5.845742 9.727369 -16.249908
v -5.378365 10.388880 -16.249908
v -5.717110 10.132353 -16.249908
v -0.003762 5.286600 -12.344911
v -15.440804 61.744137 24.416286
v -15.440804 62.121288 25.156483
v -15.440804 62.708706 25.743908
v -15.440804 63.448902 26.121052
v -15.440804 64.269409 26.251003
v -15.440804 65.089920 26.121052
v -15.440804 65.830124 25.743900
v -15.440804 66.417542 25.156483
v -15.440804 66.794693 24.416286
v -15.440804 66.924637 23.595776
v -15.440804 66.794693 22.775265
v -15.440804 66.417542 22.035076
v -15.440804 65.830124 21.447651
v -15.440804 65.089920 21.070507
v -15.440804 64.269409 20.940548
v -15.440804 63.448902 21.070507
v -15.440804 62.708706 21.447651
v -15.440804 62.121288 22.035076
v -15.440804 61.744144 22.775265
v -15.440804 61.614185 23.595776
v -15.440804 64.269409 23.595776
v -10.821098 61.744137 24.416286
v -10.821098 61.614185 23.595776
v -10.821098 61.744144 22.775265
v -10.821098 62.121288 22.035076
v -10.821098 62.708706 21.447659
v -10.821098 63.448902 21.070507
v -10.821098 64.269409 20.940548
v -10.821098 65.089920 21.070507
v -10.821098 65.830124 21.447659
v -10.821098 66.417542 22.035076
v -10.821098 66.794693 22.775265
v -10.821098 66.924637 23.595776
v -10.821098 66.794693 24.416286
v -10.821098 66.417542 25.156483
v -10.821098 65.830124 25.743900
v -10.821098 65.089920 26.121052
v -10.821098 64.269409 26.251003
v -10.821098 63.448902 26.121052
v -10.821098 62.708706 25.743908
v -10.821098 62.121288 25.156483
v 15.357201 61.744137 24.416286
v 15.357201 62.121288 25.156483
v 15.357201 62.708706 25.743908
v 15.357201 63.448902 26.121052
v 15.357201 64.269409 26.251003
v 15.357201 65.089920 26.121052
v 15.357201 65.830124 25.743900
v 15.357201 66.417542 25.156483
v 15.357201 66.794693 24.416286
v 15.357201 66.924637 23.595776
v 15.357201 66.794693 22.775265
v 15.357201 66.417542 22.035076
v 15.357201 65.830124 21.447651
v 15.357201 65.089920 21.070507
v 15.357201 64.269409 20.940548
v 15.357201 63.448902 21.070507
v 15.357201 62.708706 21.447651
v 15.357201 62.121288 22.035076
v 15.357201 61.744144 22.775265
v 15.357201 61.614185 23.595776
v 15.357201 64.269409 23.595776
v 10.737511 62.121288 25.156483
v 10.737511 61.744137 24.416286
v 10.737511 62.708706 25.743908
v 10.737511 63.448902 26.121052
v 10.737511 64.269409 26.251003
v 10.737511 65.089920 26.121052
v 10.737511 65.830124 25.743900
v 10.737511 66.417542 25.156483
v 10.737511 66.794693 24.416286
v 10.737511 66.924637 23.595776
v 10.737511 66.794693 22.775265
v 10.737511 66.417542 22.035076
v 10.737511 65.830124 21.447659
v 10.737511 65.089920 21.070507
v 10.737511 64.269409 20.940548
v 10.737511 63.448902 21.070507
v 10.737511 62.708706 21.447659
v 10.737511 62.121288 22.035076
v 10.737511 61.744144 22.775265
v 10.737511 61.614185 23.595776
v -20.265459 9.736181 2.832656
v -20.287390 10.134544 2.835914
v -20.301977 10.399542 2.838088
v -20.393145 12.056202 2.851630
v -17.701334 11.755825 0.766768
v 20.292032 9.736271 -3.393129
v 20.313976 10.134291 -3.396592
v 20.328588 10.399403 -3.398912
v 20.419991 12.055759 -3.413446
v 19.547401 11.776899 -3.217607
v 14.502378 9.735210 -14.683900
v 14.518156 10.136744 -14.699746
v 14.528570 10.400726 -14.710137
v 14.592945 12.060305 -14.774148
v 13.479027 11.773966 -13.804025
v -15.656469 11.757378 -8.230134
v -18.262350 12.056202 -10.108430
v -18.180704 10.399536 -10.064042
v -18.167643 10.134541 -10.056931
v -18.148012 9.736181 -10.046266
v -18.002729 9.736181 9.710395
v -18.022203 10.134542 9.721099
v -18.035158 10.399538 9.728209
v -18.116152 12.056202 9.772704
v -16.540802 11.756205 6.842315
v -13.470827 11.757687 12.213401
v -14.316824 12.056202 14.784148
v -14.252825 10.399546 14.717246
v -14.242588 10.134546 14.706534
v -14.227201 9.736181 14.690459
v -9.179407 9.736183 18.257011
v -9.189327 10.134550 18.276955
v -9.195930 10.399553 18.290230
v -9.237219 12.056204 18.373184
v -8.821127 11.760113 16.303276
v -3.089361 11.763222 18.647781
v -3.234814 12.056204 20.242744
v -3.220365 10.399553 20.151443
v -3.218056 10.134550 20.136833
v -3.214588 9.736183 20.114868
v 3.088499 11.766672 19.010643
v 3.233296 12.056202 20.252022
v 3.218820 10.399553 20.160667
v 3.216506 10.134550 20.146057
v 3.213024 9.736183 20.124084
v 9.049442 11.770092 17.347893
v 9.383904 12.056202 18.255196
v 9.341925 10.399553 18.172760
v 9.335211 10.134550 18.159584
v 9.325117 9.736183 18.139771
v 14.423485 9.736181 14.276870
v 14.439096 10.134544 14.292518
v 14.449480 10.399540 14.302909
v 14.514397 12.056202 14.367949
v 14.147512 11.773106 13.839751
v 18.119375 9.736179 9.020949
v 18.138992 10.134546 9.030913
v 18.152031 10.399532 9.037528
v 18.233572 12.056210 9.078918
v 17.830296 11.775394 8.866408
v 20.330997 9.736191 3.051070
v 20.352997 10.134533 3.054564
v 20.367628 10.399548 3.056891
v 20.459141 12.056171 3.071410
v 19.698502 11.776707 2.967055
v 18.282055 9.736361 -9.497048
v 18.301819 10.134167 -9.507112
v 18.314980 10.399353 -9.513833
v 18.397490 12.055473 -9.555940
v 17.393122 11.775951 -9.015130
v 9.321381 9.741472 -18.509064
v 9.331188 10.121822 -18.527946
v 9.338053 10.392584 -18.541420
v 9.458961 12.033545 -18.583267
v 8.222134 11.771166 -17.062927
v -9.570177 11.761099 -15.168534
v -9.592909 12.162886 -18.321877
v -9.557121 10.402889 -18.232414
v -9.550232 10.135603 -18.219315
v -9.539989 9.741583 -18.200073
v -3.964214 11.764360 -17.789726
v -3.107175 12.060572 -20.586678
v -1.771646 11.406416 -16.249908
v 2.192249 11.767843 -18.435928
v 3.127811 12.050726 -20.559982
v 1.766146 11.381769 -16.249908
v 18.880768 65.702240 13.564280
v 18.927937 65.641663 13.597261
v 16.614103 65.641663 16.471674
v 16.572445 65.702240 16.431925
v 22.406776 65.702240 7.074557
v 22.460905 65.641647 7.094150
v 20.871201 65.641663 10.417719
v 20.820297 65.702240 10.391085
v 13.437208 65.702240 18.368877
v 13.400888 65.644943 18.319942
v 16.082294 65.702240 15.936953
v 16.038372 65.644928 15.894823
v 18.321815 65.702240 13.154970
v 18.272043 65.644913 13.120020
v 20.201813 65.702240 10.078731
v 20.147966 65.644913 10.050632
v 7.073756 65.702240 21.643406
v 7.054867 65.644943 21.585506
v 10.369310 65.644943 20.190098
v 10.397108 65.702240 20.244221
v 7.290337 65.702240 22.311871
v 7.308210 65.641647 22.366604
v 3.692420 65.702240 23.149914
v 3.701460 65.641647 23.206722
v 21.739895 65.702240 6.862727
v 21.682579 65.644928 6.842204
v 22.667086 65.702240 3.423136
v 22.607046 65.644943 3.412585
v 23.633598 65.702240 -0.166036
v 23.691174 65.641647 -0.166006
v 23.418562 65.641632 3.541453
v 23.361809 65.702240 3.531374
v -0.012529 65.702240 22.754597
v -0.012529 65.644943 22.693707
v 3.573081 65.644943 22.396526
v 3.582637 65.702240 22.456615
v -0.012846 65.702240 23.457005
v -0.012842 65.641647 23.514576
v -3.693277 65.702240 23.139286
v -3.702112 65.641647 23.196117
v 22.931101 65.702240 -0.166387
v 22.870213 65.644943 -0.166418
v 22.623098 65.702240 -3.762029
v 22.563030 65.644943 -3.752523
v 22.466824 65.702240 -7.464926
v 22.521547 65.641647 -7.482679
v 23.372963 65.641647 -3.880819
v 23.316166 65.702240 -3.871831
v -7.002644 65.702240 21.652241
v -6.984245 65.644943 21.594242
v -3.573977 65.644943 22.386280
v -3.583339 65.702240 22.446377
v -7.217406 65.702240 22.320782
v -7.234781 65.641647 22.375637
v -10.572632 65.641647 21.056141
v -10.547129 65.702240 21.004513
v 21.798992 65.702240 -7.248373
v 21.741117 65.644943 -7.229605
v 20.381926 65.702240 -10.566893
v 20.327814 65.644943 -10.539312
v 19.081926 65.702240 -14.046712
v 19.128502 65.641647 -14.080411
v 21.057514 65.641647 -10.911177
v 21.006348 65.702240 -10.885092
v -13.203810 65.702240 18.612530
v -13.168879 65.644943 18.562672
v -10.233444 65.702240 20.375072
v -10.206448 65.644943 20.320484
v 18.514885 65.702240 -13.634405
v 18.465639 65.644943 -13.598745
v 16.173529 65.702240 -16.357334
v 16.130388 65.644943 -16.314503
v -18.185091 65.702240 13.827517
v -18.136866 65.644928 13.790422
v -15.819265 65.644928 16.354731
v -15.861296 65.702240 16.398668
v 13.854982 65.702240 -19.253704
v 13.889181 65.641647 -19.299824
v 16.709436 65.641647 -16.893650
v 16.668623 65.702240 -16.853184
v 13.443966 65.702240 -18.686115
v 13.407846 65.644943 -18.637302
v 10.381838 65.702240 -20.566647
v 10.355450 65.644943 -20.512028
v -21.513113 65.702240 7.505031
v -21.455801 65.644913 7.484782
v -20.070732 65.702240 10.846422
v -20.017424 65.644928 10.817263
v 7.285549 65.702240 -22.601353
v 7.300203 65.641663 -22.657078
v 10.727245 65.641647 -21.241833
v 10.702429 65.702240 -21.190128
v -18.742079 65.702240 14.256594
v -18.787670 65.641647 14.291697
v -20.735714 65.641647 11.211817
v -20.685305 65.702240 11.184206
v 7.062979 65.702240 -21.937061
v 7.047131 65.644943 -21.878239
v 3.559641 65.644943 -22.718395
v 3.567651 65.702240 -22.779118
v -22.171490 65.702240 7.740535
v -22.225704 65.641647 7.759723
v -23.342018 65.641663 3.289759
v -23.285044 65.702240 3.280894
v -0.003762 65.702232 -23.755871
v -0.003762 65.641663 -23.813923
v 3.680134 65.702232 -23.469921
v 3.687539 65.641655 -23.527393
v -22.792870 65.644882 -1.697828
v -22.853788 65.702240 -1.701292
v -22.593691 65.702240 3.178950
v -22.533478 65.644897 3.169627
v -0.003762 65.702232 -23.056347
v -0.003762 65.644928 -22.994991
v -3.651367 65.644928 -22.644833
v -3.661108 65.702240 -22.705257
v -23.552996 65.702240 -1.749212
v -23.610676 65.641647 -1.752408
v -22.754126 65.641647 -6.942724
v -22.698549 65.702240 -6.926878
v -22.024668 65.702240 -6.725164
v -21.965950 65.644913 -6.708364
v -7.470191 65.702240 -22.346966
v -7.488426 65.641663 -22.401592
v -3.773075 65.702232 -23.394009
v -3.782282 65.641655 -23.451191
v -7.248397 65.702240 -21.689320
v -7.229103 65.644928 -21.631603
v -10.623539 65.644928 -20.326527
v -10.651815 65.702240 -20.380772
v -17.254305 65.644928 -15.312367
v -17.299622 65.702240 -15.353421
v -20.178967 65.644928 -11.150946
v -20.232487 65.702240 -11.180342
v -20.852468 65.702240 -11.516783
v -20.903055 65.641632 -11.544691
v -14.391090 65.641647 -18.757717
v -14.356358 65.702240 -18.711918
v -10.977974 65.702240 -20.998341
v -11.004692 65.641663 -21.049679
v -17.830675 65.702240 -15.816579
v -17.873438 65.641647 -15.855512
v 13.847567 65.702240 18.937588
v 13.881977 65.641647 18.983822
v 10.715300 65.702240 20.869938
v 10.741606 65.641647 20.921101
v -13.608381 65.702240 19.188068
v -13.641388 65.641647 19.235226
v -16.347174 65.702240 16.906473
v -16.386900 65.641647 16.948038
v -13.929384 65.702240 -18.162357
v -13.892605 65.644928 -18.113987
v -0.035439 -0.838955 -1.154801
v 15.977636 -0.815834 11.450546
v 15.955925 -0.840908 11.435265
v 17.612444 -0.813576 8.766159
v 17.588924 -0.838642 8.753922
v 18.943447 -0.808472 5.956940
v 18.918409 -0.833523 5.948021
v 19.746803 -0.806248 2.957626
v 19.720608 -0.831280 2.953010
v 19.978973 -0.807232 -0.168198
v 19.952478 -0.832226 -0.168282
v 19.711374 -0.807327 -3.301392
v 19.685394 -0.832226 -3.297409
v 18.994307 -0.807457 -6.339600
v 18.969477 -0.832226 -6.331718
v 17.759146 -0.807404 -9.230797
v 17.735849 -0.832226 -9.219032
v -11.500229 -0.812477 16.215233
v -11.485037 -0.837540 16.193428
v -8.911320 -0.809200 17.738724
v -8.899580 -0.834251 17.714874
v 11.712360 -0.807182 -16.303680
v 11.696589 -0.832226 -16.282364
v 9.135021 -0.814342 -17.970680
v 9.075087 -0.832226 -17.996063
v -18.771336 -0.829338 6.575150
v -18.746355 -0.854435 6.566254
v -17.504484 -0.825794 9.485565
v -17.481268 -0.850883 9.472771
v -20.013334 -0.852989 -1.488190
v -19.986778 -0.878120 -1.486603
v -19.747271 -0.836769 2.750442
v -19.721041 -0.861877 2.746208
v 11.708693 -0.808182 15.982635
v 11.692852 -0.833237 15.961258
v 14.019394 -0.812099 13.869667
v 14.000252 -0.837162 13.851242
v 5.865602 9.731932 -19.768250
v 5.838233 9.727369 -19.744408
v 5.732042 10.148611 -19.812630
v 5.709602 10.132353 -19.788040
v 6.162481 -0.806999 18.833862
v 6.154236 -0.832047 18.808586
v 9.058170 -0.806965 17.614685
v 9.046036 -0.832012 17.591049
v 5.383121 10.411886 -19.882561
v 5.370842 10.388880 -19.856781
v 3.506999 11.076250 -20.216843
v 3.501091 11.051535 -20.190453
v -19.248644 -0.837990 -5.908646
v -19.223068 -0.863094 -5.901253
v -5.845742 9.727369 -19.744408
v -5.873110 9.731932 -19.768250
v -5.872398 -0.832218 -19.179588
v -5.845742 -0.806293 -19.159286
v -6.158400 -0.816719 -19.132538
v -6.343996 9.736019 -19.691017
v 1.771628 11.406904 -20.597252
v 1.768687 11.381855 -20.570297
v -15.074688 -0.819023 -13.435036
v -15.054979 -0.844097 -13.417068
v -17.642553 -0.832756 -9.842674
v -17.619215 -0.857849 -9.829849
v -0.010994 -0.806866 19.801376
v -0.010992 -0.831909 19.774788
v 3.120866 -0.807186 19.542816
v 3.116700 -0.832233 19.516586
v -0.003762 11.479919 -20.779327
v -0.003762 11.505419 -20.806419
v -1.774469 11.432772 -20.615219
v -1.771560 11.406374 -20.589287
v -5.390956 10.412472 -19.882545
v -5.378365 10.388880 -19.856781
v -5.740496 10.149294 -19.812515
v -5.717110 10.132353 -19.788040
v -6.355409 10.399450 -19.726181
v -6.350847 10.134514 -19.712135
v -3.508599 11.051535 -20.190445
v -3.514508 11.076250 -20.216835
v -6.374291 12.055779 -19.816238
v -6.098198 -0.807232 18.843307
v -6.090201 -0.832275 18.817963
v -3.122000 -0.806610 19.531990
v -3.117928 -0.831654 19.505737
v 16.126913 -0.806473 -11.895744
v 16.104601 -0.832226 -11.878876
v 14.083939 -0.805908 -14.263764
v 14.063673 -0.832226 -14.242867
v -15.851564 -0.821289 12.073532
v -15.830570 -0.846375 12.057289
v -13.819817 -0.816681 14.300301
v -13.801529 -0.841751 14.281075
v 4.280382 -0.832218 -16.224144
v 4.254615 -0.806454 -16.249908
v 4.254615 -0.806938 -12.344910
v 4.279884 -0.833183 -12.319633
v 5.838233 -0.806293 -19.159286
v 5.864890 -0.832218 -19.179588
v 5.838233 -0.806454 -16.249908
v 5.864000 -0.832218 -16.224144
v -4.262139 -0.806835 -12.344910
v -4.287512 -0.832989 -12.319534
v -4.262139 -0.806454 -16.249908
v -4.287905 -0.832218 -16.224144
v -5.845742 -0.806454 -16.249908
v -5.871508 -0.832218 -16.224144
v -9.349895 -0.814758 -17.671043
v -9.310387 -0.832226 -17.614265
v -12.132439 -0.812382 -15.860719
v -12.157526 -0.866959 -15.713212
v -0.003762 -0.806461 -12.344910
v -0.003835 -0.832233 -12.319153
v 6.138206 -0.814590 -19.137283
v 1.408405 11.766384 0.318190
vn -0.0000 -0.5000 0.8660
vn -0.0000 0.5000 0.8660
vn -0.0000 1.0000 -0.0000
vn -0.0000 0.5000 -0.8660
vn -0.0000 -0.5000 -0.8660
vn -0.0000 -1.0000 -0.0000
vn 0.5869 -0.0557 0.8078
vn 0.5869 -0.0556 0.8078
vn 0.7278 -0.0543 0.6837
vn 0.7288 -0.0553 0.6824
vn 0.8078 -0.0557 0.5869
vn 0.8078 -0.0556 0.5869
vn 0.8780 -0.0540 0.4756
vn 0.8775 -0.0551 0.4764
vn 0.7288 -0.0554 0.6824
vn 0.4569 -0.0557 0.8878
vn 0.4566 -0.0557 0.8879
vn 0.8773 -0.0551 0.4768
vn 0.4567 -0.0557 0.8879
vn 0.9496 -0.0556 0.3085
vn 0.9496 -0.0555 0.3086
vn 0.9844 -0.0559 0.1666
vn 0.9843 -0.0558 0.1673
vn 0.9844 -0.0558 0.1670
vn 0.9844 -0.0558 0.1668
vn 0.9985 -0.0556 -0.0000
vn 0.9985 -0.0557 -0.0000
vn 0.9859 -0.0557 -0.1577
vn 0.9859 -0.0558 -0.1577
vn 0.9496 -0.0556 -0.3085
vn 0.8874 -0.0557 -0.4577
vn 0.8875 -0.0557 -0.4575
vn -0.4385 -0.0552 0.8971
vn -0.4397 -0.0558 0.8964
vn -0.5869 -0.0556 0.8078
vn -0.4397 -0.0559 0.8964
vn 0.8078 -0.0556 -0.5869
vn 0.7052 -0.0558 -0.7068
vn 0.7051 -0.0556 -0.7069
vn -0.6916 -0.0558 0.7201
vn -0.6903 -0.0534 0.7216
vn 0.8077 -0.0556 -0.5869
vn 0.7051 -0.0553 -0.7069
vn 0.7049 -0.0557 -0.7071
vn 0.5869 -0.0556 -0.8078
vn 0.5869 -0.0556 -0.8077
vn 0.4524 -0.0547 -0.8901
vn 0.4535 -0.0558 -0.8895
vn -0.8830 -0.0518 0.4666
vn -0.8835 -0.0557 0.4651
vn -0.9496 -0.0557 0.3086
vn -0.9496 -0.0556 0.3085
vn -0.8836 -0.0557 0.4649
vn -0.9496 -0.0556 0.3086
vn 0.4506 -0.0557 -0.8910
vn 0.4534 -0.0553 -0.8896
vn -0.8834 -0.0557 0.4652
vn -0.9878 -0.0492 0.1478
vn -0.9880 -0.0556 0.1439
vn -0.9984 -0.0557 -0.0000
vn -0.9985 -0.0556 -0.0000
vn -0.9496 -0.0556 -0.3085
vn -0.9985 -0.0557 -0.0000
vn -0.9496 -0.0557 -0.3085
vn -0.4813 -0.0553 -0.8748
vn -0.4803 -0.0538 -0.8755
vn -0.5869 -0.0556 -0.8077
vn -0.8757 -0.0560 -0.4795
vn -0.8749 -0.0517 -0.4815
vn -0.4813 -0.0549 -0.8748
vn -0.8758 -0.0560 -0.4795
vn -0.8077 -0.0556 -0.5870
vn -0.8077 -0.0556 -0.5869
vn -0.8077 -0.0557 -0.5869
vn 0.3085 -0.0557 0.9496
vn 0.1546 -0.0557 0.9864
vn 0.1549 -0.0558 0.9864
vn 0.3086 -0.0556 0.9496
vn 0.1549 -0.0557 0.9864
vn 0.3084 -0.0557 0.9496
vn -0.0000 -0.0557 0.9985
vn -0.1555 -0.0557 0.9863
vn -0.1555 -0.0558 0.9863
vn -0.0001 -0.0557 0.9984
vn -0.0001 -0.0557 0.9985
vn -0.1556 -0.0557 0.9862
vn -0.1557 -0.0557 0.9862
vn 0.8876 -0.0557 -0.4572
vn 0.9496 -0.0556 -0.3086
vn 0.8877 -0.0557 -0.4571
vn -0.0000 -0.0000 -1.0000
vn -0.4734 -0.0557 -0.8791
vn -1.0000 -0.0000 -0.0000
vn -0.0000 -0.9511 0.3090
vn -0.0000 -0.9511 -0.3090
vn -0.0000 -0.8090 -0.5878
vn -0.0000 -0.5878 -0.8090
vn -0.0000 -0.3090 -0.9511
vn -0.0000 0.3090 -0.9511
vn -0.0000 0.5878 -0.8090
vn -0.0000 0.8090 -0.5878
vn -0.0000 0.9511 -0.3090
vn -0.0000 0.9511 0.3090
vn -0.0000 0.8090 0.5878
vn -0.0000 0.5878 0.8090
vn -0.0000 0.3090 0.9511
vn -0.0000 -0.0000 1.0000
vn -0.0000 -0.3090 0.9511
vn -0.0000 -0.5878 0.8090
vn -0.0000 -0.8090 0.5878
vn 1.0000 -0.0000 -0.0000
vn -0.8078 -0.0556 0.5869
vn -0.8077 -0.0559 0.5869
vn -0.3085 -0.0556 0.9496
vn -0.3086 -0.0556 0.9496
vn -0.3086 -0.0558 0.9496
vn -0.3085 -0.0558 0.9496
vn 0.4362 -0.0551 -0.8982
vn 0.4269 -0.0565 -0.9025
vn 0.3988 -0.0556 -0.9153
vn 0.3104 -0.0556 -0.9490
vn 0.5930 0.6885 0.4174
vn 0.5931 0.6885 0.4173
vn 0.6377 0.6881 0.3463
vn 0.6376 0.6881 0.3464
vn 0.5293 0.6888 0.4953
vn 0.5290 0.6888 0.4957
vn 0.4375 0.6893 0.5774
vn 0.4371 0.6893 0.5777
vn 0.6795 0.6891 0.2519
vn 0.6796 0.6891 0.2515
vn 0.7142 0.6893 0.1216
vn 0.7143 0.6893 0.1212
vn -0.4132 0.7286 -0.5462
vn -0.4137 0.7286 -0.5459
vn -0.3135 0.7281 -0.6096
vn -0.3138 0.7281 -0.6094
vn -0.5003 0.7279 -0.4689
vn -0.5007 0.7279 -0.4685
vn -0.5614 0.7275 -0.3944
vn -0.5611 0.7275 -0.3948
vn -0.6034 0.7272 -0.3273
vn -0.6032 0.7272 -0.3277
vn -0.6426 0.7284 -0.2377
vn -0.6424 0.7284 -0.2383
vn -0.2119 0.7283 -0.6516
vn -0.2114 0.7283 -0.6518
vn -0.1063 0.7280 -0.6773
vn -0.1059 0.7280 -0.6773
vn 0.2236 0.6888 0.6896
vn 0.2237 0.6888 0.6895
vn 0.3320 0.6887 0.6446
vn 0.1125 0.6885 0.7165
vn 0.1126 0.6885 0.7164
vn -0.0013 0.6888 0.7249
vn -0.0012 0.6888 0.7249
vn -0.6751 0.7287 -0.1149
vn -0.6751 0.7287 -0.1146
vn -0.6854 0.7282 0.0040
vn -0.6854 0.7282 0.0043
vn 0.7251 0.6887 -0.0045
vn 0.7251 0.6887 -0.0042
vn 0.7162 0.6884 -0.1147
vn 0.0011 0.7283 -0.6853
vn 0.0012 0.7283 -0.6853
vn 0.1071 0.7279 -0.6773
vn 0.1073 0.7279 -0.6773
vn -0.1129 0.6884 0.7165
vn -0.1131 0.6884 0.7164
vn -0.2158 0.6886 0.6923
vn -0.2160 0.6886 0.6922
vn -0.6771 0.7279 0.1084
vn -0.6771 0.7279 0.1085
vn -0.6512 0.7280 0.2141
vn -0.6512 0.7280 0.2144
vn 0.6888 0.6886 -0.2268
vn 0.6889 0.6886 -0.2265
vn 0.6454 0.6880 -0.3319
vn 0.6453 0.6880 -0.3321
vn 0.2042 0.7280 -0.6544
vn 0.2040 0.7280 -0.6545
vn 0.3017 0.7283 -0.6153
vn 0.3018 0.7283 -0.6152
vn -0.3191 0.6889 0.6508
vn -0.3193 0.6889 0.6508
vn -0.4184 0.6888 0.5921
vn -0.4182 0.6888 0.5922
vn -0.6101 0.7275 0.3138
vn -0.6101 0.7275 0.3140
vn -0.5548 0.7278 0.4031
vn -0.5547 0.7278 0.4032
vn 0.5868 0.6883 -0.4265
vn 0.5869 0.6883 -0.4265
vn 0.5122 0.6881 -0.5140
vn 0.5120 0.6881 -0.5142
vn 0.3954 0.7282 -0.5598
vn 0.3955 0.7282 -0.5597
vn 0.4751 0.7278 -0.4946
vn 0.4751 0.7278 -0.4947
vn -0.4842 0.7277 0.4859
vn -0.4840 0.7277 0.4860
vn -0.4038 0.7272 0.5552
vn -0.4034 0.7272 0.5554
vn 0.5462 0.7280 -0.4144
vn 0.5464 0.7280 -0.4141
vn 0.6074 0.7275 -0.3191
vn 0.6069 0.7275 -0.3200
vn 0.4267 0.6876 -0.5875
vn 0.4271 0.6876 -0.5872
vn 0.3292 0.6873 -0.6474
vn 0.3303 0.6873 -0.6469
vn -0.3112 0.7270 0.6121
vn -0.3122 0.7270 0.6116
vn -0.2105 0.7283 0.6522
vn -0.2129 0.7282 0.6514
vn 0.6516 0.7275 -0.2148
vn 0.6518 0.7275 -0.2141
vn 0.6784 0.7281 -0.0986
vn 0.6783 0.7281 -0.0989
vn 0.2253 0.6888 -0.6890
vn 0.2226 0.6889 -0.6898
vn 0.1123 0.6911 -0.7140
vn 0.1137 0.6911 -0.7138
vn -0.5776 0.6887 0.4383
vn -0.5774 0.6887 0.4386
vn -0.5024 0.6884 0.5232
vn -0.5025 0.6884 0.5231
vn -0.6420 0.6883 0.3378
vn -0.6417 0.6883 0.3383
vn -0.6891 0.6885 0.2263
vn -0.6888 0.6885 0.2270
vn -0.1062 0.7302 0.6750
vn -0.1075 0.7302 0.6748
vn 0.0065 0.7308 0.6825
vn 0.0071 0.7308 0.6825
vn -0.7170 0.6893 0.1042
vn -0.7169 0.6893 0.1046
vn -0.7227 0.6900 -0.0414
vn -0.0075 0.6919 -0.7219
vn -0.0070 0.6919 -0.7219
vn -0.1329 0.6909 -0.7106
vn -0.1344 0.6909 -0.7103
vn 0.6837 0.7287 0.0392
vn 0.6837 0.7287 0.0393
vn 0.6599 0.7289 0.1823
vn 0.6598 0.7289 0.1826
vn 0.1256 0.7299 0.6720
vn 0.1271 0.7298 0.6717
vn 0.2167 0.7280 0.6504
vn 0.2166 0.7280 0.6504
vn -0.6977 0.6900 -0.1927
vn -0.6976 0.6900 -0.1931
vn -0.6349 0.6901 -0.3473
vn -0.6346 0.6901 -0.3478
vn 0.6002 0.7293 0.3285
vn 0.6001 0.7293 0.3287
vn -0.2290 0.6890 -0.6877
vn -0.2290 0.6890 -0.6876
vn -0.3376 0.6907 -0.6396
vn -0.3376 0.6907 -0.6395
vn 0.3191 0.7297 0.6048
vn 0.3192 0.7297 0.6047
vn 0.4139 0.7274 0.5473
vn 0.4138 0.7274 0.5474
vn 0.5072 0.7299 0.4583
vn 0.5076 0.7299 0.4578
vn -0.5366 0.6907 -0.4847
vn -0.5369 0.6907 -0.4844
vn -0.4376 0.6882 -0.5787
vn 0.7288 -0.0554 0.6825
vn 0.6027 -0.0557 0.7960
vn 0.8166 -0.0551 0.5746
vn 0.8775 -0.0551 0.4763
vn -0.7127 0.0520 -0.6995
vn -0.7129 0.0519 -0.6994
vn -0.5859 0.0554 -0.8085
vn -0.5857 0.0554 -0.8087
vn -0.8834 0.0492 -0.4661
vn -0.8833 0.0492 -0.4661
vn -0.8107 0.0493 -0.5834
vn -0.8102 0.0493 -0.5840
vn -0.4413 0.0582 -0.8955
vn -0.4412 0.0582 -0.8955
vn 0.3081 -0.0558 0.9497
vn -0.9865 0.0542 -0.1548
vn -0.9866 0.0542 -0.1541
vn -0.9440 0.0517 -0.3258
vn -0.9441 0.0517 -0.3257
vn 0.9363 -0.0555 0.3467
vn -0.2895 0.0609 -0.9552
vn -0.1322 0.0637 -0.9892
vn -0.1323 0.0637 -0.9892
vn -0.0017 -0.0558 0.9984
vn -0.9834 0.0571 0.1723
vn -0.9984 0.0555 0.0146
vn -0.9984 0.0555 0.0145
vn 0.9859 -0.0557 -0.1578
vn 0.9984 -0.0558 -0.0059
vn 0.0280 0.0667 -0.9974
vn 0.1871 0.0700 -0.9798
vn 0.1866 0.0700 -0.9799
vn -0.4392 -0.0558 0.8966
vn -0.5761 -0.0559 0.8155
vn -0.8782 0.0615 0.4743
vn -0.8781 0.0615 0.4744
vn -0.9426 0.0592 0.3287
vn -0.9426 0.0592 0.3286
vn 0.9484 -0.0557 -0.3120
vn 0.4787 0.0776 -0.8745
vn 0.4800 0.0776 -0.8738
vn 0.6164 0.0810 -0.7833
vn 0.6147 0.0810 -0.7846
vn -0.6821 0.0676 0.7282
vn -0.6817 0.0677 0.7285
vn -0.7914 0.0644 0.6079
vn -0.7915 0.0644 0.6077
vn 0.7319 0.0842 -0.6762
vn 0.7302 0.0842 -0.6781
vn 0.7049 -0.0558 -0.7071
vn 0.8072 -0.0558 -0.5876
vn -0.4190 0.0747 0.9049
vn -0.4181 0.0747 0.9053
vn -0.5582 0.0712 0.8266
vn -0.5588 0.0711 0.8263
vn 0.9074 0.0890 -0.4109
vn 0.9091 0.0890 -0.4070
vn 0.9626 0.0908 -0.2553
vn 0.9614 0.0908 -0.2596
vn 0.4533 -0.0553 -0.8896
vn 0.5909 -0.0554 -0.8048
vn -0.9484 -0.0556 0.3121
vn 0.0548 0.0846 0.9949
vn -0.1097 0.0817 0.9906
vn -0.1115 0.0817 0.9904
vn 0.0526 0.0846 0.9950
vn -0.9968 -0.0557 -0.0573
vn 0.1569 -0.0559 -0.9860
vn 0.1572 -0.0582 -0.9858
vn 0.0003 -0.0556 -0.9985
vn -0.0032 -0.0554 -0.9985
vn 0.9908 0.0929 -0.0979
vn 0.9912 0.0929 -0.0939
vn 0.9913 0.0951 0.0905
vn 0.9916 0.0951 0.0877
vn 0.3657 0.0882 0.9265
vn 0.2230 0.0861 0.9710
vn 0.2199 0.0861 0.9717
vn 0.3632 0.0881 0.9275
vn -0.9623 -0.0559 -0.2661
vn 0.9553 0.0970 0.2791
vn 0.9554 0.0970 0.2788
vn -0.1728 -0.0542 -0.9835
vn -0.1728 -0.0567 -0.9833
vn -0.3219 -0.0545 -0.9452
vn -0.3223 -0.0542 -0.9451
vn 0.6417 0.0936 0.7612
vn 0.5127 0.0910 0.8537
vn 0.5092 0.0910 0.8558
vn 0.6397 0.0935 0.7629
vn 0.8785 0.0979 0.4676
vn 0.8779 0.0979 0.4686
vn -0.4731 -0.0557 -0.8793
vn -0.5977 -0.0558 -0.7998
vn -0.7412 -0.0560 -0.6690
vn 0.4572 -0.0557 0.8876
vn 0.7630 0.0970 0.6391
vn 0.7653 0.0970 0.6364
vn -0.7955 -0.0558 0.6033
vn 0.8303 0.0871 -0.5505
vn 0.8283 0.0871 -0.5536
vn -0.2968 -0.0558 0.9533
vn 0.3357 0.0738 -0.9391
vn 0.3347 0.0737 -0.9394
vn 0.3033 -0.0556 -0.9513
vn -0.2672 0.0782 0.9604
vn -0.2685 0.0782 0.9601
vn 0.5613 -0.7269 0.3956
vn 0.5613 -0.7269 0.3957
vn 0.6049 -0.7266 0.3257
vn 0.6052 -0.7266 0.3252
vn 0.4989 -0.7273 0.4713
vn 0.4993 -0.7273 0.4709
vn 0.6438 -0.7279 0.2360
vn 0.6440 -0.7279 0.2354
vn 0.6759 -0.7281 0.1137
vn 0.6758 -0.7282 0.1146
vn 0.6864 -0.7272 -0.0039
vn 0.6864 -0.7272 -0.0035
vn 0.6792 -0.7259 -0.1082
vn 0.6792 -0.7259 -0.1084
vn 0.6540 -0.7252 -0.2154
vn 0.6542 -0.7252 -0.2149
vn 0.6097 -0.7271 -0.3154
vn 0.6099 -0.7271 -0.3152
vn 0.5477 -0.7345 -0.4007
vn 0.5472 -0.7346 -0.4012
vn -0.3928 -0.7275 0.5625
vn -0.3930 -0.7275 0.5624
vn -0.2995 -0.7278 0.6170
vn -0.2997 -0.7278 0.6169
vn -0.4727 -0.7269 0.4983
vn -0.4727 -0.7269 0.4982
vn -0.2028 -0.7277 0.6553
vn -0.2030 -0.7277 0.6552
vn 0.4296 -0.7048 -0.5646
vn 0.4297 -0.7050 -0.5643
vn 0.4000 -0.0964 -0.9114
vn 0.4535 -0.0563 -0.8895
vn 0.4775 -0.7368 -0.4787
vn 0.4784 -0.7368 -0.4778
vn 0.3433 -0.0550 -0.9376
vn -0.6518 -0.7262 0.2186
vn -0.6520 -0.7262 0.2180
vn -0.6067 -0.7264 0.3229
vn -0.6063 -0.7264 0.3236
vn -0.6789 -0.7264 0.1068
vn -0.6790 -0.7264 0.1065
vn -0.5446 -0.7269 0.4183
vn -0.5442 -0.7269 0.4188
vn -0.6850 -0.7274 -0.0395
vn -0.6851 -0.7274 -0.0391
vn -0.6597 -0.7273 -0.1892
vn -0.6598 -0.7273 -0.1888
vn 0.4124 -0.7281 0.5475
vn 0.4126 -0.7281 0.5474
vn 0.3136 -0.7277 0.6100
vn 0.3137 -0.7277 0.6100
vn -0.6415 -0.0527 -0.7653
vn -0.6416 -0.0513 -0.7653
vn -0.4873 -0.4516 -0.7474
vn -0.4691 -0.4740 -0.7452
vn -0.6422 -0.0426 -0.7654
vn -0.1681 -0.6946 -0.6995
vn -0.1592 -0.6980 -0.6982
vn 0.2122 -0.7279 0.6521
vn 0.2116 -0.7279 0.6522
vn 0.1064 -0.7276 0.6777
vn 0.1063 -0.7276 0.6778
vn -0.0696 -0.7206 -0.6898
vn -0.0558 -0.7230 -0.6886
vn 0.0237 -0.7316 -0.6814
vn 0.0261 -0.7315 -0.6814
vn -0.5988 -0.7280 -0.3337
vn -0.5988 -0.7280 -0.3338
vn 0.6413 -0.0513 -0.7656
vn 0.6412 -0.0527 -0.7656
vn 0.4593 -0.4681 -0.7550
vn 0.4773 -0.4464 -0.7569
vn 0.6422 -0.0426 -0.7654
vn 0.7021 -0.7121 -0.0001
vn -0.3943 -0.0545 -0.9174
vn -0.1726 -0.9420 -0.2877
vn -0.4807 -0.0592 -0.8749
vn -0.0027 -0.7238 -0.6900
vn -0.0031 -0.7237 -0.6901
vn -0.4231 -0.8058 -0.4144
vn -0.4216 -0.8065 -0.4144
vn -0.2335 -0.9117 -0.3380
vn -0.2991 -0.8721 -0.3873
vn -0.0009 -0.7279 0.6857
vn -0.0011 -0.7279 0.6857
vn -0.1066 -0.7275 0.6777
vn -0.1067 -0.7275 0.6777
vn -0.0283 -0.7159 -0.6976
vn -0.0308 -0.7158 -0.6976
vn 0.0671 -0.7117 -0.6993
vn 0.0525 -0.7129 -0.6993
vn 0.1561 -0.6930 -0.7038
vn 0.1646 -0.6895 -0.7054
vn -0.0000 -0.7071 -0.7071
vn -0.7136 -0.7005 -0.0002
vn -0.0002 -0.7004 -0.7138
vn -0.0000 -0.7010 -0.7131
vn -0.0000 -0.7010 -0.7132
vn -0.7021 -0.7121 -0.0001
vn 0.7124 -0.7018 -0.0001
vn 0.0001 -0.7017 -0.7125
vn 0.8167 -0.0535 0.5746
vn 0.8782 -0.0538 0.4753
vn 0.9367 -0.0551 0.3457
vn 0.9984 -0.0558 -0.0057
vn 0.9860 -0.0557 -0.1573
vn 0.9485 -0.0557 -0.3120
vn -0.5745 -0.0543 0.8167
vn -0.4383 -0.0551 0.8971
vn 0.5956 -0.0550 -0.8014
vn -0.9481 -0.0509 0.3139
vn -0.8828 -0.0517 0.4670
vn -0.9972 -0.0478 -0.0572
vn -0.9878 -0.0490 0.1478
vn 0.7280 -0.0543 0.6834
vn 0.6021 -0.0553 0.7965
vn 0.1562 -0.0550 -0.9862
vn 0.1886 -0.2142 -0.9584
vn -0.9618 -0.0493 -0.2693
vn -0.1630 -0.0549 -0.9851
vn -0.1632 -0.0550 -0.9851
vn -0.3949 -0.0544 -0.9171
vn 0.1256 -0.1484 -0.9809
vn 0.0055 -0.1029 -0.9947
vn -0.8745 -0.0515 -0.4822
vn 0.3084 -0.0558 0.9496
vn -0.1227 -0.1535 -0.9805
vn -0.1919 -0.2258 -0.9551
vn -0.3478 -0.0548 -0.9360
vn -0.1575 -0.0542 -0.9860
vn -0.1603 -0.0531 -0.9856
vn -0.3832 -0.0552 -0.9220
vn -0.0019 -0.0559 0.9984
vn 0.7053 -0.0560 -0.7067
vn 0.8067 -0.0559 -0.5884
vn -0.6900 -0.0533 0.7218
vn -0.9999 -0.0142 -0.0000
vn -0.9999 -0.0129 -0.0000
vn -0.9531 -0.3027 -0.0000
vn -0.3744 -0.9273 -0.0000
vn -0.6037 -0.7972 -0.0000
vn -0.3821 -0.9241 -0.0000
vn -0.2535 -0.9673 -0.0000
vn -0.2623 -0.9650 -0.0000
vn -0.0067 -1.0000 -0.0000
vn -0.1120 -0.9937 -0.0000
vn -0.1191 -0.9929 -0.0000
vn -0.0069 -1.0000 -0.0000
vn 0.9999 -0.0142 -0.0000
vn 0.9999 -0.0129 -0.0001
vn 0.2602 -0.9656 -0.0000
vn 0.1100 -0.9939 -0.0000
vn 0.1186 -0.9929 -0.0000
vn 0.2684 -0.9633 -0.0000
vn -0.5934 -0.0534 -0.8032
vn -0.7388 -0.0531 -0.6718
vn 0.3821 -0.9241 -0.0000
vn 0.3744 -0.9273 -0.0000
vn 0.9531 -0.3027 -0.0000
vn 0.6037 -0.7972 -0.0000
vn -0.0000 -1.0000 0.0004
vn 0.0006 -1.0000 -0.0000
vn -0.0001 -1.0000 0.0003
vn -0.7943 -0.0524 0.6052
vn -0.2962 -0.0556 0.9535
vn -0.0005 -1.0000 -0.0006
vn -0.0000 -1.0000 -0.0015
vn 0.0002 -1.0000 -0.0008
vn 0.0002 -1.0000 -0.0003
vn 0.0002 -1.0000 -0.0002
vn 0.0003 -1.0000 -0.0002
vn 0.0003 -1.0000 -0.0001
vn 0.0003 -1.0000 0.0002
vn 0.0004 -1.0000 -0.0002
vn 0.0007 -1.0000 -0.0010
vn 0.0006 -1.0000 -0.0010
vn -0.0002 -1.0000 0.0002
vn -0.0008 -1.0000 0.0009
vn -0.0005 -1.0000 0.0007
vn 0.0001 -1.0000 0.0003
vn -0.0000 -1.0000 0.0003
vn 0.0003 -1.0000 0.0004
vn 0.0007 -1.0000 0.0006
vn 0.0010 -1.0000 0.0007
vn 0.0012 -1.0000 0.0009
vn 0.0013 -1.0000 0.0009
vn 0.0012 -1.0000 0.0008
vn 0.0013 -1.0000 0.0011
vn 0.0017 -1.0000 0.0026
vn 0.0020 -1.0000 0.0004
vn 0.0017 -1.0000 -0.0019
vn 0.0018 -1.0000 -0.0015
vn -0.0004 -1.0000 0.0009
vn 0.0021 -1.0000 0.0001
vn 0.0060 -1.0000 -0.0042
vn 0.0004 -1.0000 -0.0006
vn 0.0002 -1.0000 -0.0011
vn -0.0000 -1.0000 -0.0002
vn -0.0000 -1.0000 -0.0006
vn -0.0023 -1.0000 -0.0051
vn 0.0022 -1.0000 -0.0058
vn -0.0006 1.0000 -0.0000
vn -0.0006 1.0000 0.0001
vt 0.193709 0.369657
vt 0.193709 0.365657
vt 0.276889 0.365657
vt 0.276889 0.369657
vt 0.193709 0.361656
vt 0.276889 0.361656
vt 0.193709 0.357656
vt 0.276889 0.357656
vt 0.193709 0.353655
vt 0.276889 0.353655
vt 0.193709 0.349655
vt 0.276889 0.349655
vt 0.193709 0.373658
vt 0.276889 0.373658
vt 0.424466 0.056913
vt 0.424466 0.055179
vt 0.440754 0.055179
vt 0.440754 0.056913
vt 0.424466 0.058068
vt 0.440754 0.058068
vt 0.454237 0.056913
vt 0.454236 0.055179
vt 0.467618 0.055179
vt 0.467618 0.056913
vt 0.424466 0.065282
vt 0.440754 0.065282
vt 0.407996 0.056913
vt 0.407996 0.055179
vt 0.454237 0.058068
vt 0.467618 0.058068
vt 0.454236 0.065282
vt 0.467618 0.065282
vt 0.407996 0.065282
vt 0.407996 0.058068
vt 0.483962 0.056913
vt 0.483962 0.055179
vt 0.498654 0.055179
vt 0.498654 0.056913
vt 0.483962 0.058068
vt 0.498654 0.058068
vt 0.483962 0.065282
vt 0.498654 0.065282
vt 0.513632 0.056913
vt 0.513632 0.055179
vt 0.528404 0.055179
vt 0.528405 0.056913
vt 0.513632 0.058068
vt 0.528404 0.058068
vt 0.513632 0.065282
vt 0.528404 0.065282
vt 0.543240 0.056913
vt 0.543240 0.055179
vt 0.559274 0.055179
vt 0.559274 0.056913
vt 0.319173 0.055179
vt 0.319173 0.056913
vt 0.305114 0.056913
vt 0.305114 0.055179
vt 0.319173 0.058068
vt 0.319173 0.065282
vt 0.305114 0.065282
vt 0.305114 0.058068
vt 0.572775 0.056913
vt 0.572775 0.055179
vt 0.585299 0.055179
vt 0.585299 0.056913
vt 0.292844 0.056913
vt 0.292844 0.055179
vt 0.572775 0.058068
vt 0.585299 0.058068
vt 0.292844 0.058068
vt 0.572775 0.065282
vt 0.585299 0.065282
vt 0.292844 0.065282
vt 0.007990 0.056913
vt 0.007990 0.055179
vt 0.023054 0.055179
vt 0.023054 0.056913
vt 0.260346 0.055179
vt 0.260346 0.056913
vt 0.245402 0.056913
vt 0.245402 0.055179
vt 0.260346 0.058068
vt 0.245402 0.058068
vt 0.007990 0.065282
vt 0.007990 0.058068
vt 0.023054 0.058068
vt 0.023054 0.065282
vt 0.260346 0.065282
vt 0.245402 0.065282
vt 0.229899 0.055179
vt 0.229899 0.056913
vt 0.215568 0.056913
vt 0.215568 0.055179
vt 0.185762 0.056913
vt 0.185762 0.055179
vt 0.215568 0.058068
vt 0.185762 0.058068
vt 0.215568 0.065282
vt 0.185762 0.065282
vt 0.110542 0.056913
vt 0.110542 0.055179
vt 0.126267 0.055179
vt 0.126267 0.056913
vt 0.170410 0.056913
vt 0.170410 0.055179
vt 0.110542 0.058068
vt 0.126267 0.058068
vt 0.170410 0.065282
vt 0.170410 0.058068
vt 0.155992 0.055179
vt 0.155992 0.056913
vt 0.126267 0.065282
vt 0.155992 0.058068
vt 0.155992 0.065282
vt 0.394660 0.056913
vt 0.380183 0.056913
vt 0.380183 0.055179
vt 0.394660 0.055179
vt 0.394660 0.058068
vt 0.380183 0.058068
vt 0.394660 0.065282
vt 0.380183 0.065282
vt 0.364827 0.056913
vt 0.349130 0.056913
vt 0.349130 0.055179
vt 0.364826 0.055179
vt 0.364827 0.058068
vt 0.349130 0.058068
vt 0.364827 0.065282
vt 0.349130 0.065282
vt 0.559274 0.058068
vt 0.543240 0.058068
vt 0.559274 0.065282
vt 0.543240 0.065282
vt 0.649324 0.381238
vt 0.649320 0.418562
vt 0.638325 0.417634
vt 0.628641 0.416817
vt 0.670000 0.416821
vt 0.659958 0.417666
vt 0.229899 0.058068
vt 0.229899 0.065282
vt 0.110542 0.065282
vt 0.575303 0.367652
vt 0.546937 0.367650
vt 0.546938 0.341638
vt 0.575306 0.341638
vt 0.622840 0.382315
vt 0.615626 0.412262
vt 0.614878 0.409808
vt 0.675809 0.382321
vt 0.681430 0.414318
vt 0.617211 0.414311
vt 0.683016 0.412269
vt 0.683765 0.409816
vt 0.518570 0.367649
vt 0.518572 0.341637
vt 0.435089 0.391811
vt 0.430199 0.401408
vt 0.402347 0.381172
vt 0.422583 0.409024
vt 0.412986 0.413914
vt 0.402347 0.415599
vt 0.391709 0.413914
vt 0.382111 0.409024
vt 0.374495 0.401408
vt 0.369605 0.391811
vt 0.367920 0.381172
vt 0.369605 0.370534
vt 0.374495 0.360936
vt 0.382111 0.353320
vt 0.391709 0.348430
vt 0.402347 0.346746
vt 0.412986 0.348430
vt 0.422583 0.353320
vt 0.430199 0.360936
vt 0.435089 0.370534
vt 0.436774 0.381172
vt 0.289011 0.344423
vt 0.281855 0.344423
vt 0.281855 0.304626
vt 0.289011 0.304626
vt 0.296167 0.344423
vt 0.296167 0.304626
vt 0.303324 0.344423
vt 0.303324 0.304626
vt 0.310480 0.344423
vt 0.310480 0.304626
vt 0.317636 0.344423
vt 0.317636 0.304626
vt 0.324793 0.344423
vt 0.324793 0.304626
vt 0.331949 0.344423
vt 0.331949 0.304626
vt 0.339106 0.344423
vt 0.339106 0.304626
vt 0.203134 0.344423
vt 0.195978 0.344423
vt 0.195978 0.304626
vt 0.203134 0.304626
vt 0.210291 0.344423
vt 0.210291 0.304626
vt 0.217447 0.344423
vt 0.217447 0.304626
vt 0.224604 0.344423
vt 0.224604 0.304626
vt 0.231760 0.344423
vt 0.231760 0.304626
vt 0.238916 0.344423
vt 0.238916 0.304626
vt 0.246073 0.344423
vt 0.246073 0.304626
vt 0.253229 0.344423
vt 0.253229 0.304626
vt 0.260385 0.344423
vt 0.260385 0.304626
vt 0.267542 0.344423
vt 0.267542 0.304626
vt 0.274698 0.344423
vt 0.274698 0.304626
vt 0.356881 0.343466
vt 0.349725 0.343466
vt 0.349725 0.303670
vt 0.356881 0.303670
vt 0.342568 0.343466
vt 0.342568 0.303670
vt 0.485696 0.343466
vt 0.478540 0.343466
vt 0.478540 0.303670
vt 0.485696 0.303670
vt 0.471384 0.343466
vt 0.471384 0.303670
vt 0.464227 0.343466
vt 0.464227 0.303670
vt 0.457071 0.343466
vt 0.457071 0.303670
vt 0.449915 0.343466
vt 0.449915 0.303670
vt 0.442758 0.343466
vt 0.442758 0.303670
vt 0.435602 0.343466
vt 0.435602 0.303670
vt 0.428445 0.343466
vt 0.428445 0.303670
vt 0.421289 0.343466
vt 0.421289 0.303670
vt 0.414133 0.343466
vt 0.414133 0.303670
vt 0.406976 0.343466
vt 0.406976 0.303670
vt 0.399819 0.343466
vt 0.399819 0.303670
vt 0.392663 0.343466
vt 0.392663 0.303670
vt 0.385507 0.343466
vt 0.385507 0.303670
vt 0.378350 0.343466
vt 0.378350 0.303670
vt 0.371194 0.343466
vt 0.371194 0.303670
vt 0.364037 0.343466
vt 0.364037 0.303670
vt 0.509716 0.371805
vt 0.511373 0.382270
vt 0.477507 0.382269
vt 0.504906 0.362363
vt 0.497414 0.354871
vt 0.487973 0.350061
vt 0.477507 0.348403
vt 0.467042 0.350060
vt 0.457601 0.354871
vt 0.450109 0.362363
vt 0.445299 0.371804
vt 0.443641 0.382269
vt 0.445299 0.392734
vt 0.450108 0.402175
vt 0.457601 0.409668
vt 0.467042 0.414478
vt 0.477507 0.416136
vt 0.487972 0.414478
vt 0.497413 0.409668
vt 0.504905 0.402176
vt 0.509716 0.392735
vt 0.602230 0.055179
vt 0.602230 0.056913
vt 0.602230 0.058068
vt 0.602230 0.065282
vt 0.275253 0.055179
vt 0.275253 0.056913
vt 0.275253 0.058068
vt 0.275253 0.065282
vt 0.334975 0.055179
vt 0.334975 0.056913
vt 0.334975 0.058068
vt 0.334975 0.065282
vt 0.037445 0.055179
vt 0.037445 0.056913
vt 0.037445 0.058068
vt 0.037445 0.065282
vt 0.454244 0.298884
vt 0.454237 0.298635
vt 0.467618 0.298635
vt 0.467602 0.298884
vt 0.454230 0.298884
vt 0.440774 0.298884
vt 0.440754 0.298635
vt 0.440729 0.298884
vt 0.424489 0.298884
vt 0.424466 0.298635
vt 0.483986 0.298884
vt 0.483962 0.298635
vt 0.498654 0.298635
vt 0.498632 0.298884
vt 0.483935 0.298884
vt 0.467636 0.298884
vt 0.700291 0.336219
vt 0.700291 0.336082
vt 0.709100 0.336082
vt 0.709100 0.336219
vt 0.691580 0.336219
vt 0.691580 0.336082
vt 0.930744 0.266135
vt 0.930361 0.266119
vt 0.930360 0.244205
vt 0.930744 0.244208
vt 0.684369 0.336082
vt 0.684369 0.336219
vt 0.677213 0.336219
vt 0.677213 0.336082
vt 0.930744 0.222414
vt 0.930360 0.222430
vt 0.930363 0.195809
vt 0.930744 0.195794
vt 0.716233 0.336219
vt 0.716233 0.336082
vt 0.723977 0.336082
vt 0.723977 0.336219
vt 0.925755 0.341033
vt 0.925377 0.341035
vt 0.925378 0.319374
vt 0.925755 0.319374
vt 0.394660 0.298635
vt 0.394645 0.298884
vt 0.380205 0.298884
vt 0.380183 0.298635
vt 0.925377 0.364528
vt 0.925755 0.364528
vt 0.925755 0.389448
vt 0.925377 0.389449
vt 0.668472 0.336082
vt 0.668472 0.336219
vt 0.660615 0.336219
vt 0.660615 0.336082
vt 0.930744 0.171821
vt 0.930366 0.171821
vt 0.930366 0.147382
vt 0.930744 0.147382
vt 0.513648 0.298884
vt 0.513632 0.298635
vt 0.528404 0.298635
vt 0.528382 0.298884
vt 0.513616 0.298884
vt 0.498677 0.298884
vt 0.732190 0.336219
vt 0.732190 0.336082
vt 0.740586 0.336082
vt 0.740586 0.336219
vt 0.364827 0.298635
vt 0.364809 0.298884
vt 0.349153 0.298884
vt 0.349130 0.298635
vt 0.925377 0.414906
vt 0.925755 0.414906
vt 0.925755 0.437866
vt 0.925377 0.437864
vt 0.652605 0.336082
vt 0.652605 0.336219
vt 0.644705 0.336219
vt 0.644705 0.336082
vt 0.930744 0.123227
vt 0.930366 0.123227
vt 0.930366 0.098969
vt 0.930744 0.098968
vt 0.543257 0.298884
vt 0.543240 0.298635
vt 0.559274 0.298635
vt 0.559250 0.298884
vt 0.543224 0.298884
vt 0.528427 0.298884
vt 0.930366 0.437862
vt 0.930744 0.437864
vt 0.930744 0.463483
vt 0.930366 0.463481
vt 0.748158 0.336082
vt 0.748158 0.336219
vt 0.334975 0.298635
vt 0.334958 0.298884
vt 0.319198 0.298884
vt 0.319174 0.298635
vt 0.319152 0.298884
vt 0.305130 0.298884
vt 0.305115 0.298635
vt 0.636772 0.336082
vt 0.636772 0.336219
vt 0.628199 0.336219
vt 0.628199 0.336082
vt 0.930744 0.072686
vt 0.930366 0.072686
vt 0.930366 0.050555
vt 0.930744 0.050556
vt 0.572789 0.298884
vt 0.572775 0.298635
vt 0.585299 0.298635
vt 0.585280 0.298884
vt 0.572761 0.298884
vt 0.559295 0.298884
vt 0.764130 0.336219
vt 0.764130 0.336082
vt 0.770693 0.336082
vt 0.770693 0.336219
vt 0.756609 0.336219
vt 0.756609 0.336082
vt 0.620979 0.336082
vt 0.620979 0.336219
vt 0.614284 0.336219
vt 0.614284 0.336082
vt 0.930744 0.029971
vt 0.930366 0.029971
vt 0.930366 0.002145
vt 0.930744 0.002141
vt 0.930366 0.534692
vt 0.930744 0.534692
vt 0.930744 0.558868
vt 0.930366 0.558870
vt 0.780102 0.336082
vt 0.780102 0.336219
vt 0.008005 0.298884
vt 0.007990 0.298635
vt 0.023054 0.298635
vt 0.023028 0.298884
vt 0.602230 0.298635
vt 0.602213 0.298884
vt 0.585323 0.298884
vt 0.923027 0.336082
vt 0.923027 0.336219
vt 0.914972 0.336219
vt 0.914972 0.336082
vt 0.930744 0.945661
vt 0.930366 0.945662
vt 0.930362 0.921988
vt 0.930744 0.922008
vt 0.930363 0.583118
vt 0.930744 0.583106
vt 0.930744 0.608266
vt 0.930363 0.608266
vt 0.796069 0.336082
vt 0.796069 0.336219
vt 0.788075 0.336219
vt 0.788075 0.336082
vt 0.925755 0.922030
vt 0.925377 0.922008
vt 0.925377 0.899335
vt 0.925759 0.899335
vt 0.037445 0.298635
vt 0.037420 0.298884
vt 0.023080 0.298884
vt 0.925755 0.534693
vt 0.925377 0.534692
vt 0.925377 0.506171
vt 0.925755 0.506172
vt 0.275253 0.298635
vt 0.275237 0.298884
vt 0.260369 0.298884
vt 0.260346 0.298635
vt 0.260324 0.298884
vt 0.245429 0.298884
vt 0.245402 0.298635
vt 0.907279 0.336082
vt 0.907279 0.336219
vt 0.899883 0.336219
vt 0.899883 0.336082
vt 0.891486 0.336219
vt 0.891486 0.336082
vt 0.245384 0.298884
vt 0.229913 0.298884
vt 0.229899 0.298635
vt 0.229885 0.298884
vt 0.215588 0.298884
vt 0.215568 0.298635
vt 0.925759 0.873594
vt 0.925377 0.873594
vt 0.925377 0.848689
vt 0.925759 0.848689
vt 0.067013 0.298635
vt 0.066975 0.298884
vt 0.051295 0.298884
vt 0.051292 0.298635
vt 0.812025 0.336082
vt 0.812025 0.336219
vt 0.804361 0.336219
vt 0.804361 0.336082
vt 0.827968 0.336082
vt 0.827968 0.336219
vt 0.883341 0.336219
vt 0.883342 0.336082
vt 0.875654 0.336219
vt 0.875654 0.336082
vt 0.215530 0.298884
vt 0.185802 0.298884
vt 0.185762 0.298635
vt 0.185741 0.298884
vt 0.170430 0.298884
vt 0.170410 0.298635
vt 0.836179 0.336082
vt 0.836178 0.336219
vt 0.925759 0.825179
vt 0.925377 0.825179
vt 0.925377 0.802424
vt 0.925759 0.802424
vt 0.096596 0.298635
vt 0.096558 0.298884
vt 0.082232 0.298884
vt 0.082231 0.298635
vt 0.868196 0.336219
vt 0.868196 0.336082
vt 0.859787 0.336219
vt 0.859787 0.336081
vt 0.843890 0.336082
vt 0.843890 0.336219
vt 0.925377 0.704903
vt 0.925755 0.704907
vt 0.925755 0.728344
vt 0.925377 0.728351
vt 0.126267 0.298635
vt 0.126235 0.298884
vt 0.110544 0.298884
vt 0.110542 0.298635
vt 0.126309 0.298884
vt 0.155992 0.298635
vt 0.155955 0.298884
vt 0.424443 0.298884
vt 0.408023 0.298884
vt 0.407996 0.298635
vt 0.305101 0.298884
vt 0.292863 0.298884
vt 0.292845 0.298635
vt 0.691580 0.207729
vt 0.700291 0.207729
vt 0.677213 0.207729
vt 0.684369 0.207729
vt 0.709100 0.207729
vt 0.660615 0.207729
vt 0.668472 0.207729
vt 0.716233 0.207729
vt 0.723977 0.207729
vt 0.644705 0.207729
vt 0.652605 0.207729
vt 0.732191 0.207729
vt 0.740586 0.207729
vt 0.628199 0.207729
vt 0.636772 0.207729
vt 0.756609 0.207729
vt 0.764130 0.207729
vt 0.614284 0.207729
vt 0.620979 0.207729
vt 0.770693 0.207729
vt 0.914972 0.207729
vt 0.923027 0.207729
vt 0.788075 0.207729
vt 0.796069 0.207729
vt 0.891486 0.207729
vt 0.899883 0.207729
vt 0.051292 0.065282
vt 0.067013 0.065282
vt 0.804361 0.207729
vt 0.812025 0.207729
vt 0.875654 0.207729
vt 0.883342 0.207729
vt 0.827968 0.207729
vt 0.082231 0.065282
vt 0.096552 0.065303
vt 0.859787 0.207729
vt 0.868196 0.207729
vt 0.836178 0.207729
vt 0.925755 0.292635
vt 0.925757 0.266157
vt 0.930364 0.292611
vt 0.930366 0.319374
vt 0.925760 0.244212
vt 0.925758 0.222393
vt 0.930366 0.364528
vt 0.930366 0.341037
vt 0.925755 0.195780
vt 0.925755 0.171821
vt 0.930366 0.414906
vt 0.930366 0.389449
vt 0.925755 0.147381
vt 0.925755 0.123227
vt 0.925755 0.486278
vt 0.925755 0.463484
vt 0.930366 0.486277
vt 0.925755 0.098968
vt 0.925755 0.072686
vt 0.925755 0.050556
vt 0.925755 0.029971
vt 0.930366 0.506171
vt 0.843890 0.207729
vt 0.925755 0.970419
vt 0.925755 0.945662
vt 0.930366 0.970423
vt 0.925755 0.583087
vt 0.925755 0.558868
vt 0.930362 0.899335
vt 0.930362 0.873594
vt 0.925757 0.631531
vt 0.925758 0.608265
vt 0.930363 0.631518
vt 0.930362 0.848689
vt 0.930362 0.825179
vt 0.925755 0.679941
vt 0.930364 0.679929
vt 0.930362 0.802424
vt 0.925756 0.776750
vt 0.930362 0.776776
vt 0.930366 0.704901
vt 0.930365 0.728363
vt 0.925756 0.002141
vt 0.605231 0.207729
vt 0.605231 0.336082
vt 0.780102 0.207729
vt 0.748158 0.207729
vt 0.907279 0.207729
vt 0.597329 0.541701
vt 0.597384 0.541623
vt 0.604334 0.545947
vt 0.604289 0.546031
vt 0.591070 0.536534
vt 0.591136 0.536466
vt 0.611626 0.549461
vt 0.611593 0.549550
vt 0.619414 0.551617
vt 0.619397 0.551711
vt 0.627544 0.552302
vt 0.627543 0.552397
vt 0.635709 0.551684
vt 0.635722 0.551778
vt 0.643637 0.549886
vt 0.643665 0.549976
vt 0.651199 0.546746
vt 0.651241 0.546830
vt 0.658177 0.542556
vt 0.658236 0.542636
vt 0.585523 0.469941
vt 0.585601 0.469996
vt 0.581580 0.476700
vt 0.581495 0.476658
vt 0.590563 0.463934
vt 0.590632 0.464000
vt 0.578641 0.483996
vt 0.578551 0.483967
vt 0.669806 0.531186
vt 0.669728 0.531131
vt 0.674021 0.524217
vt 0.673989 0.524387
vt 0.664465 0.537360
vt 0.664392 0.537288
vt 0.677354 0.516960
vt 0.610809 0.451197
vt 0.610839 0.451287
vt 0.603241 0.454519
vt 0.603196 0.454435
vt 0.620797 0.448746
vt 0.620811 0.448841
vt 0.596473 0.458766
vt 0.596416 0.458690
vt 0.631842 0.448165
vt 0.631836 0.448261
vt 0.643335 0.450238
vt 0.643308 0.450330
vt 0.585621 0.530455
vt 0.585698 0.530398
vt 0.581421 0.523510
vt 0.581506 0.523467
vt 0.038771 0.055197
vt 0.038830 0.055179
vt 0.039483 0.056907
vt 0.039429 0.056985
vt 0.593947 0.411941
vt 0.593805 0.411955
vt 0.592758 0.347265
vt 0.592892 0.347413
vt 0.593896 0.414637
vt 0.594054 0.414619
vt 0.593987 0.417230
vt 0.593825 0.417250
vt 0.578309 0.515933
vt 0.578400 0.515904
vt 0.576525 0.507988
vt 0.576619 0.507974
vt 0.040785 0.058166
vt 0.040810 0.058068
vt 0.045071 0.059338
vt 0.045193 0.059487
vt 0.045070 0.059348
vt 0.055309 0.059730
vt 0.055278 0.059833
vt 0.653543 0.454504
vt 0.653496 0.454587
vt 0.704696 0.411953
vt 0.704840 0.411971
vt 0.704732 0.414646
vt 0.704588 0.414631
vt 0.093933 0.055197
vt 0.093803 0.055172
vt 0.093814 0.009265
vt 0.094016 0.009156
vt 0.705898 0.347278
vt 0.705764 0.347426
vt 0.688030 0.346155
vt 0.688041 0.345999
vt 0.677599 0.484543
vt 0.673697 0.476310
vt 0.673850 0.476204
vt 0.055351 0.059733
vt 0.066988 0.060176
vt 0.067013 0.060402
vt 0.662849 0.461256
vt 0.662785 0.461326
vt 0.669160 0.468923
vt 0.668748 0.468879
vt 0.575924 0.499816
vt 0.576019 0.499817
vt 0.576689 0.491711
vt 0.576783 0.491726
vt 0.067030 0.060176
vt 0.074764 0.059748
vt 0.074901 0.059849
vt 0.074791 0.059745
vt 0.082095 0.059338
vt 0.082133 0.059487
vt 0.090779 0.058168
vt 0.090725 0.058061
vt 0.092359 0.056916
vt 0.092516 0.056987
vt 0.090733 0.058068
vt 0.620055 0.345297
vt 0.620223 0.345441
vt 0.610626 0.346146
vt 0.610616 0.345991
vt 0.492559 0.301049
vt 0.492731 0.300878
vt 0.518572 0.300878
vt 0.518572 0.301046
vt 0.546939 0.300878
vt 0.546938 0.301049
vt 0.575303 0.301047
vt 0.575303 0.300878
vt 0.601142 0.300873
vt 0.601313 0.301045
vt 0.678434 0.345448
vt 0.678602 0.345303
vt 0.454237 0.009265
vt 0.467618 0.009265
vt 0.483962 0.009265
vt 0.498654 0.009265
vt 0.513632 0.009265
vt 0.528404 0.009265
vt 0.543240 0.009265
vt 0.559274 0.009265
vt 0.305114 0.009265
vt 0.319173 0.009265
vt 0.007990 0.009265
vt 0.023054 0.009265
vt 0.245402 0.009265
vt 0.260346 0.009265
vt 0.215568 0.009265
vt 0.229899 0.009265
vt 0.440754 0.009265
vt 0.424466 0.009265
vt 0.407996 0.009265
vt 0.185762 0.009265
vt 0.096379 0.009160
vt 0.096587 0.055179
vt 0.170410 0.009265
vt 0.380183 0.009265
vt 0.394660 0.009265
vt 0.096584 0.058068
vt 0.096578 0.056913
vt 0.349130 0.009265
vt 0.364827 0.009265
vt 0.585299 0.009265
vt 0.572775 0.009265
vt 0.292844 0.009265
vt 0.492559 0.341638
vt 0.037522 0.009233
vt 0.038730 0.009156
vt 0.601321 0.341633
vt 0.627055 0.440736
vt 0.614890 0.437238
vt 0.649317 0.445302
vt 0.637482 0.442840
vt 0.671581 0.440741
vt 0.660769 0.442922
vt 0.110542 0.009265
vt 0.126267 0.009265
vt 0.155992 0.009265
vt 0.683746 0.437246
vt 0.704654 0.417242
vt 0.630569 0.500241
vt 0.602230 0.009265
vt 0.275253 0.009265
vt 0.334975 0.009265
vt 0.096635 0.009223
vt 0.659582 0.511713
vt 0.669714 0.515919
vt 0.659771 0.489342
vt 0.670004 0.485260
vt 0.669974 0.489389
vt 0.659680 0.500536
vt 0.669780 0.511806
vt 0.677718 0.485290
vt 0.677503 0.516253
vt 0.686213 0.622824
vt 0.631579 0.614554
vt 0.686829 0.613719
vt 0.576330 0.615389
vt 0.576946 0.606284
vt 0.579052 0.597405
vt 0.582592 0.588995
vt 0.587470 0.581285
vt 0.593552 0.574488
vt 0.600670 0.568785
vt 0.608614 0.564306
vt 0.617193 0.561205
vt 0.626168 0.559563
vt 0.635303 0.559379
vt 0.644330 0.560767
vt 0.653007 0.563632
vt 0.661099 0.567845
vt 0.668385 0.573340
vt 0.674666 0.579960
vt 0.679772 0.587524
vt 0.683564 0.595825
vt 0.685938 0.604637
vt 0.684106 0.631704
vt 0.680567 0.640115
vt 0.675692 0.647829
vt 0.669613 0.654633
vt 0.662496 0.660339
vt 0.654536 0.664791
vt 0.645953 0.667875
vt 0.636984 0.669549
vt 0.627861 0.669652
vt 0.618847 0.668266
vt 0.610171 0.665461
vt 0.602097 0.661221
vt 0.594807 0.655748
vt 0.588541 0.649120
vt 0.583386 0.641584
vt 0.579594 0.633283
vt 0.577221 0.624471
s 1
usemtl Trolley_table_Dbin_mat
f 1/1/1 2/2/2 8/3/2 7/4/1
f 2/2/2 3/5/3 9/6/3 8/3/2
f 3/5/3 4/7/4 10/8/4 9/6/3
f 4/7/4 5/9/5 11/10/5 10/8/4
f 5/9/5 6/11/6 12/12/6 11/10/5
f 6/13/6 1/1/1 7/4/1 12/14/6
f 15/15/7 16/16/8 253/17/9 254/18/10
f 18/19/8 15/15/7 254/18/10 255/20/10
f 17/21/11 13/22/12 258/23/13 259/24/14
f 20/25/8 18/19/8 255/20/10 256/26/15
f 16/16/8 15/15/7 251/27/16 252/28/17
f 19/29/12 17/21/11 259/24/14 260/30/14
f 23/31/12 19/29/12 260/30/14 261/32/18
f 18/19/8 20/25/8 249/33/19 250/34/19
f 22/35/20 14/36/21 263/37/22 264/38/23
f 25/39/20 22/35/20 264/38/23 265/40/24
f 29/41/20 25/39/20 265/40/24 266/42/25
f 30/43/26 28/44/27 208/45/28 209/46/28
f 31/47/26 30/43/26 209/46/28 210/48/29
f 32/49/26 31/47/26 210/48/29 211/50/29
f 34/51/30 33/52/30 268/53/31 269/54/32
f 233/55/33 234/56/34 47/57/35 40/58/35
f 235/59/36 236/60/34 51/61/35 54/62/35
f 53/63/37 45/64/37 213/65/38 214/66/39
f 40/58/35 47/57/35 231/67/40 232/68/41
f 61/69/42 53/63/37 214/66/39 215/70/43
f 47/57/35 54/62/35 230/71/40 231/67/40
f 64/72/37 61/69/42 215/70/43 216/73/44
f 54/62/35 51/61/35 229/74/40 230/71/40
f 60/75/45 58/76/46 273/77/47 274/78/48
f 223/79/49 224/80/50 72/81/51 69/82/52
f 224/80/50 225/83/53 75/84/54 72/81/51
f 70/85/45 63/86/45 275/87/55 276/88/56
f 225/83/53 226/89/57 77/90/54 75/84/54
f 203/91/58 204/92/59 83/93/60 79/94/61
f 79/94/61 83/93/60 92/95/62 84/96/62
f 83/93/60 93/97/63 94/98/64 92/95/62
f 93/97/63 95/99/61 96/100/62 94/98/64
f 18/19/8 250/34/19 251/27/16 15/15/7
f 281/101/65 282/102/66 97/103/67 99/104/67
f 84/96/62 92/95/62 221/105/68 222/106/69
f 280/107/70 281/101/65 99/104/67 100/108/67
f 94/98/64 96/100/62 219/109/71 220/110/68
f 99/104/67 97/103/67 90/111/72 98/112/73
f 103/113/67 100/108/67 102/114/74 101/115/73
f 21/116/75 246/117/76 247/118/77 24/119/78
f 27/120/75 245/121/79 246/117/76 21/116/75
f 26/122/80 244/123/79 245/121/79 27/120/75
f 104/124/81 241/125/82 242/126/83 91/127/84
f 105/128/85 240/129/86 241/125/82 104/124/81
f 55/130/85 239/131/87 240/129/86 105/128/85
f 234/56/34 235/59/36 54/62/35 47/57/35
f 269/54/32 270/132/88 35/133/89 34/51/30
f 270/132/88 271/134/90 41/135/30 35/133/89
f 274/78/48 275/87/55 63/86/45 60/75/45
f 113/136/91 114/137/91 288/138/91 115/139/91
f 113/136/91 116/140/91 285/141/91 114/137/91
f 204/92/59 205/142/59 93/97/63 83/93/60
f 205/142/59 206/143/59 95/99/61 93/97/63
f 220/110/68 221/105/68 92/95/62 94/98/64
f 103/113/67 279/144/92 280/107/70 100/108/67
f 102/114/74 100/108/67 99/104/67 98/112/73
f 109/145/6 113/146/6 120/147/6 110/148/6
f 106/149/91 111/150/91 108/151/91
f 109/152/91 118/153/91 116/140/91 113/136/91
f 115/139/91 112/154/91 106/149/91 113/136/91
f 106/149/91 112/154/91 111/150/91
f 109/152/91 119/155/91 118/153/91
f 109/152/91 117/156/91 119/155/91
f 120/147/6 113/146/6 106/157/6 107/158/6
f 121/159/93 122/160/93 141/161/93
f 122/160/93 123/162/93 141/161/93
f 123/162/93 124/163/93 141/161/93
f 124/163/93 125/164/93 141/161/93
f 125/164/93 126/165/93 141/161/93
f 126/165/93 127/166/93 141/161/93
f 127/166/93 128/167/93 141/161/93
f 128/167/93 129/168/93 141/161/93
f 129/168/93 130/169/93 141/161/93
f 130/169/93 131/170/93 141/161/93
f 131/170/93 132/171/93 141/161/93
f 132/171/93 133/172/93 141/161/93
f 133/172/93 134/173/93 141/161/93
f 134/173/93 135/174/93 141/161/93
f 135/174/93 136/175/93 141/161/93
f 136/175/93 137/176/93 141/161/93
f 137/176/93 138/177/93 141/161/93
f 138/177/93 139/178/93 141/161/93
f 139/178/93 140/179/93 141/161/93
f 140/179/93 121/159/93 141/161/93
f 143/180/6 142/181/94 121/182/94 140/183/6
f 144/184/95 143/180/6 140/183/6 139/185/95
f 145/186/96 144/184/95 139/185/95 138/187/96
f 146/188/97 145/186/96 138/187/96 137/189/97
f 147/190/98 146/188/97 137/189/97 136/191/98
f 148/192/91 147/190/98 136/191/98 135/193/91
f 149/194/99 148/192/91 135/193/91 134/195/99
f 150/196/100 149/194/99 134/195/99 133/197/100
f 151/198/101 150/199/100 133/200/100 132/201/101
f 152/202/102 151/198/101 132/201/101 131/203/102
f 153/204/3 152/202/102 131/203/102 130/205/3
f 154/206/103 153/204/3 130/205/3 129/207/103
f 155/208/104 154/206/103 129/207/103 128/209/104
f 156/210/105 155/208/104 128/209/104 127/211/105
f 157/212/106 156/210/105 127/211/105 126/213/106
f 158/214/107 157/212/106 126/213/106 125/215/107
f 159/216/108 158/214/107 125/215/107 124/217/108
f 160/218/109 159/216/108 124/217/108 123/219/109
f 161/220/110 160/218/109 123/219/109 122/221/110
f 142/181/94 161/220/110 122/221/110 121/182/94
f 162/222/94 163/223/110 183/224/110 184/225/94
f 163/223/110 164/226/109 185/227/109 183/224/110
f 164/228/109 165/229/108 186/230/108 185/231/109
f 165/229/108 166/232/107 187/233/107 186/230/108
f 166/232/107 167/234/106 188/235/106 187/233/107
f 167/234/106 168/236/105 189/237/105 188/235/106
f 168/236/105 169/238/104 190/239/104 189/237/105
f 169/238/104 170/240/103 191/241/103 190/239/104
f 170/240/103 171/242/3 192/243/3 191/241/103
f 171/242/3 172/244/102 193/245/102 192/243/3
f 172/244/102 173/246/101 194/247/101 193/245/102
f 173/246/101 174/248/100 195/249/100 194/247/101
f 174/248/100 175/250/99 196/251/99 195/249/100
f 175/250/99 176/252/91 197/253/91 196/251/99
f 176/252/91 177/254/98 198/255/98 197/253/91
f 177/254/98 178/256/97 199/257/97 198/255/98
f 178/256/97 179/258/96 200/259/96 199/257/97
f 179/258/96 180/260/95 201/261/95 200/259/96
f 180/260/95 181/262/6 202/263/6 201/261/95
f 181/262/6 162/222/94 184/225/94 202/263/6
f 163/264/111 162/265/111 182/266/111
f 164/267/111 163/264/111 182/266/111
f 165/268/111 164/267/111 182/266/111
f 166/269/111 165/268/111 182/266/111
f 167/270/111 166/269/111 182/266/111
f 168/271/111 167/270/111 182/266/111
f 169/272/111 168/271/111 182/266/111
f 170/273/111 169/272/111 182/266/111
f 171/274/111 170/273/111 182/266/111
f 172/275/111 171/274/111 182/266/111
f 173/276/111 172/275/111 182/266/111
f 174/277/111 173/276/111 182/266/111
f 175/278/111 174/277/111 182/266/111
f 176/279/111 175/278/111 182/266/111
f 177/280/111 176/279/111 182/266/111
f 178/281/111 177/280/111 182/266/111
f 179/282/111 178/281/111 182/266/111
f 180/283/111 179/282/111 182/266/111
f 181/284/111 180/283/111 182/266/111
f 162/265/111 181/284/111 182/266/111
f 69/82/52 72/81/51 204/92/59 203/91/58
f 75/84/54 205/142/59 204/92/59 72/81/51
f 77/90/54 206/143/59 205/142/59 75/84/54
f 209/46/28 208/45/28 33/52/30 34/51/30
f 210/48/29 209/46/28 34/51/30 35/133/89
f 211/50/29 210/48/29 35/133/89 41/135/30
f 214/66/39 213/65/38 58/285/46 60/286/45
f 215/70/43 214/66/39 60/286/45 63/287/45
f 216/73/44 215/70/43 63/287/45 70/288/45
f 220/110/68 219/109/71 101/115/73 102/114/74
f 98/112/73 221/105/68 220/110/68 102/114/74
f 222/106/69 221/105/68 98/112/73 90/111/72
f 66/289/112 59/290/113 224/80/50 223/79/49
f 59/290/113 62/291/113 225/83/53 224/80/50
f 62/291/113 65/292/113 226/89/57 225/83/53
f 230/71/40 229/74/40 65/292/113 62/291/113
f 231/67/40 230/71/40 62/291/113 59/290/113
f 232/68/41 231/67/40 59/290/113 66/289/112
f 42/293/114 46/294/115 234/56/34 233/55/33
f 52/295/116 235/59/36 234/56/34 46/294/115
f 52/295/116 50/296/117 236/60/34 235/59/36
f 240/129/86 239/131/87 50/296/117 52/295/116
f 241/125/82 240/129/86 52/295/116 46/294/115
f 242/126/83 241/125/82 46/294/115 42/293/114
f 245/121/79 244/123/79 55/130/85 105/128/85
f 246/117/76 245/121/79 105/128/85 104/124/81
f 247/118/77 246/117/76 104/124/81 91/127/84
f 250/34/19 249/33/19 26/122/80 27/120/75
f 251/27/16 250/34/19 27/120/75 21/116/75
f 252/28/17 251/27/16 21/116/75 24/119/78
f 254/18/10 253/17/9 13/22/12 17/21/11
f 255/20/10 254/18/10 17/21/11 19/29/12
f 256/26/15 255/20/10 19/29/12 23/31/12
f 259/24/14 258/23/13 14/36/21 22/35/20
f 260/30/14 259/24/14 22/35/20 25/39/20
f 261/32/18 260/30/14 25/39/20 29/41/20
f 264/38/23 263/37/22 28/44/27 30/43/26
f 265/40/24 264/38/23 30/43/26 31/47/26
f 266/42/25 265/40/24 31/47/26 32/49/26
f 269/54/32 268/53/31 45/64/37 53/63/37
f 61/69/42 270/132/88 269/54/32 53/63/37
f 64/72/37 271/134/90 270/132/88 61/69/42
f 274/78/48 273/77/47 71/297/118 78/298/119
f 76/299/120 275/87/55 274/78/48 78/298/119
f 276/88/56 275/87/55 76/299/120 80/300/121
f 289/301/122 290/302/123 295/303/124 296/304/125
f 290/302/123 289/305/122 292/306/126 291/307/127
f 291/307/127 292/308/126 431/309/128 432/310/129
f 293/311/130 294/312/131 319/313/132 320/314/133
f 294/312/131 293/315/130 296/316/125 295/303/124
f 297/317/134 298/318/135 307/319/136 308/320/137
f 298/318/135 297/317/134 299/321/138 300/322/139
f 300/323/139 299/324/138 301/325/140 302/326/141
f 302/327/141 301/328/140 303/329/142 304/330/143
f 304/331/143 303/332/142 313/333/144 314/334/145
f 305/335/146 306/336/147 323/337/148 324/338/149
f 306/336/147 305/335/146 308/320/137 307/319/136
f 309/339/150 310/340/151 434/341/152 433/342/152
f 310/343/151 309/344/150 311/345/153 312/346/154
f 312/347/154 311/348/153 325/349/155 326/350/156
f 314/351/145 313/352/144 315/353/157 316/354/158
f 316/355/158 315/356/157 329/357/159 330/358/160
f 317/359/161 318/360/162 335/361/163 336/362/163
f 318/360/162 317/363/161 320/364/133 319/313/132
f 321/365/164 322/366/165 339/367/166 340/368/167
f 322/366/165 321/365/164 324/338/149 323/337/148
f 326/369/156 325/370/155 327/371/168 328/372/169
f 328/373/169 327/374/168 341/375/170 342/376/171
f 330/377/160 329/378/159 331/379/172 332/380/173
f 332/381/173 331/382/172 345/383/174 346/384/175
f 333/385/176 334/386/177 351/387/178 352/388/179
f 334/386/177 333/389/176 336/390/163 335/361/163
f 337/391/180 338/392/181 356/393/182 355/394/183
f 338/395/181 337/396/180 340/368/167 339/367/166
f 342/397/171 341/398/170 344/399/184 343/400/185
f 343/400/185 344/401/184 435/402/186 436/403/187
f 346/404/175 345/405/174 347/406/188 348/407/189
f 348/408/189 347/409/188 357/410/190 358/411/191
f 349/412/192 350/413/193 367/414/194 368/415/195
f 350/413/193 349/416/192 352/417/179 351/387/178
f 353/418/196 354/419/197 363/420/198 364/421/199
f 354/419/197 353/418/196 355/422/183 356/423/182
f 358/424/191 357/425/190 359/426/200 360/427/201
f 360/428/201 359/429/200 369/430/202 370/431/203
f 361/432/204 362/433/205 376/434/206 375/435/207
f 362/436/205 361/437/204 364/421/199 363/420/198
f 365/438/208 366/439/209 379/440/210 380/441/211
f 366/442/209 365/443/208 368/444/195 367/414/194
f 370/445/203 369/446/202 371/447/212 372/448/213
f 372/449/213 371/450/212 385/451/214 386/452/215
f 373/453/216 374/454/217 400/455/218 399/456/219
f 374/457/217 373/458/216 375/459/207 376/460/206
f 377/461/220 378/462/221 396/463/222 395/464/223
f 378/465/221 377/466/220 380/467/211 379/440/210
f 381/468/224 382/469/225 438/470/226 437/471/227
f 382/472/225 381/473/224 384/474/228 383/475/229
f 383/475/229 384/476/228 389/477/230 390/478/231
f 386/479/215 385/480/214 388/481/232 387/482/233
f 387/482/233 388/481/232 401/483/234 402/484/235
f 390/478/231 389/485/230 392/486/236 391/487/237
f 391/487/237 392/488/236 405/489/238 406/490/238
f 393/491/239 394/492/240 414/493/241 413/494/242
f 394/495/240 393/496/239 395/497/223 396/498/222
f 397/499/243 398/500/244 399/501/219 400/502/218
f 398/500/244 397/499/243 410/503/245 409/504/246
f 402/484/235 401/483/234 404/505/247 403/506/248
f 403/506/248 404/505/247 415/507/249 416/508/250
f 406/490/238 405/509/238 408/510/251 407/511/252
f 407/511/252 408/512/251 423/513/253 424/514/254
f 409/504/246 410/503/245 421/515/255 422/516/256
f 411/517/257 412/518/258 428/519/259 427/520/260
f 412/521/258 411/522/257 413/523/242 414/524/241
f 416/508/250 415/507/249 418/525/261 417/526/262
f 417/526/262 418/525/261 439/527/263 440/528/264
f 419/529/265 420/530/266 422/516/256 421/515/255
f 420/530/266 419/529/265 440/528/264 439/527/263
f 424/531/254 423/532/253 429/533/267 430/534/268
f 425/535/269 426/536/269 427/537/260 428/538/259
f 426/539/269 425/535/269 430/540/268 429/541/267
f 432/310/129 431/542/128 433/543/152 434/544/152
f 436/403/187 435/545/186 437/546/227 438/547/226
f 20/25/8 256/26/15 291/307/270 432/310/271
f 290/302/272 23/31/12 261/32/18 295/303/273
f 300/322/274 257/548/275 36/549/276 298/318/277
f 304/330/278 262/550/279 37/551/280 302/327/281
f 36/549/276 248/552/282 307/319/283 298/318/277
f 312/346/79 244/123/79 26/122/80 310/343/284
f 316/354/285 267/553/286 39/554/287 314/351/288
f 29/41/20 266/42/25 319/313/25 294/312/289
f 38/555/290 243/556/291 323/337/292 306/336/290
f 328/372/82 239/131/87 55/130/85 326/369/293
f 332/380/294 212/557/294 44/558/295 330/377/296
f 32/49/26 211/50/29 335/361/297 318/360/298
f 43/559/299 238/560/300 339/367/301 322/366/299
f 51/61/35 236/60/34 343/400/302 436/403/303
f 348/407/304 272/561/305 49/562/306 346/404/307
f 41/135/30 271/134/90 351/387/88 334/386/308
f 356/423/309 237/563/310 56/564/311 354/419/312
f 360/427/313 217/565/314 57/566/315 358/424/316
f 56/564/311 228/567/317 363/420/318 354/419/312
f 64/72/37 216/73/44 367/414/319 350/413/320
f 372/448/321 277/568/322 68/569/323 370/445/324
f 376/460/325 227/570/326 74/571/327 374/457/328
f 70/85/45 276/88/56 379/440/329 366/439/330
f 390/478/331 77/90/54 226/89/57 383/475/50
f 81/572/332 286/573/333 387/482/334 402/484/335
f 95/99/61 206/143/59 391/487/59 406/490/336
f 396/498/337 287/574/338 87/575/339 394/495/340
f 400/502/341 207/576/342 82/577/343 397/499/344
f 86/578/345 283/579/346 403/506/347 416/508/348
f 96/100/62 95/99/61 406/490/336 407/511/349
f 82/577/343 85/580/350 410/503/351 397/499/344
f 414/524/352 284/581/353 520/582/354 412/521/355
f 89/583/356 278/584/357 417/526/358 440/528/359
f 85/580/350 218/585/360 421/515/361 410/503/351
f 424/514/71 219/109/71 96/100/62 407/511/349
f 428/538/362 279/144/92 103/113/67 425/535/363
f 103/113/67 101/115/73 430/540/364 425/535/363
f 434/544/365 249/33/19 20/25/8 432/310/271
f 431/586/3 292/587/3 299/324/3 297/588/3
f 308/589/3 433/342/3 431/586/3 297/588/3
f 289/590/3 296/591/3 303/332/3 301/325/3
f 438/547/40 229/74/40 51/61/35 436/403/303
f 324/592/3 311/348/3 309/339/3 305/593/3
f 293/594/3 320/595/3 315/356/3 313/333/3
f 340/596/3 327/374/3 325/349/3 321/597/3
f 317/598/3 336/599/3 331/382/3 329/357/3
f 435/600/3 344/601/3 355/394/3 353/602/3
f 333/603/3 352/604/3 347/409/3 345/383/3
f 349/605/3 368/606/3 359/429/3 357/410/3
f 364/607/3 437/471/3 435/600/3 353/602/3
f 440/528/359 419/529/366 88/608/367 89/583/356
f 365/609/3 380/610/3 371/450/3 369/611/3
f 389/612/3 384/613/3 375/435/3 373/453/3
f 388/614/3 395/464/3 393/491/3 401/615/3
f 405/616/3 392/617/3 399/456/3 398/618/3
f 404/619/3 413/494/3 411/517/3 415/620/3
f 408/621/3 405/616/3 398/618/3 409/622/3
f 418/623/3 427/520/3 426/624/3 439/625/3
f 422/626/3 423/532/3 408/621/3 409/622/3
f 426/624/3 429/533/3 420/627/3 439/625/3
f 391/487/59 206/143/59 77/90/54 390/478/331
f 399/456/3 392/617/3 389/612/3 373/453/3
f 74/571/327 207/576/342 400/502/341 374/457/328
f 335/361/297 211/50/29 41/135/30 334/386/308
f 331/382/3 336/599/3 333/603/3 345/383/3
f 49/562/306 212/557/294 332/380/294 346/404/307
f 367/414/319 216/73/44 70/288/45 366/442/330
f 359/429/3 368/606/3 365/628/3 369/430/3
f 68/629/323 217/565/314 360/427/313 370/630/324
f 421/515/361 218/585/360 88/608/367 419/529/366
f 429/533/3 423/532/3 422/626/3 420/627/3
f 430/540/364 101/115/73 219/109/71 424/514/71
f 383/475/50 226/89/57 65/292/113 382/472/368
f 375/435/3 384/613/3 381/468/3 361/432/3
f 67/631/369 227/570/326 376/460/325 362/436/370
f 363/420/318 228/567/317 67/631/369 362/436/370
f 381/468/3 437/471/3 364/607/3 361/432/3
f 382/472/368 65/292/113 229/74/40 438/547/40
f 343/400/302 236/60/34 50/296/117 342/397/371
f 355/394/3 344/601/3 341/375/3 337/391/3
f 48/632/372 237/563/310 356/423/309 338/395/373
f 339/367/301 238/560/300 48/632/372 338/395/373
f 341/375/3 327/374/3 340/596/3 337/391/3
f 50/296/117 239/131/87 328/372/82 342/397/371
f 323/337/292 243/556/291 43/559/299 322/366/299
f 325/349/3 311/348/3 324/592/3 321/597/3
f 55/130/85 244/123/79 312/346/79 326/369/293
f 307/319/283 248/552/282 38/555/290 306/336/290
f 309/339/3 433/342/3 308/589/3 305/593/3
f 310/343/284 26/122/80 249/33/19 434/544/365
f 291/307/270 256/26/15 23/31/12 290/302/272
f 299/324/3 292/587/3 289/590/3 301/325/3
f 37/551/280 257/548/275 300/322/274 302/327/281
f 295/303/273 261/32/18 29/41/20 294/312/289
f 303/332/3 296/591/3 293/594/3 313/333/3
f 39/554/287 262/550/279 304/330/278 314/351/288
f 319/313/25 266/42/25 32/49/26 318/360/298
f 315/356/3 320/595/3 317/598/3 329/357/3
f 44/558/295 267/553/286 316/354/285 330/377/296
f 351/387/88 271/134/90 64/72/37 350/413/320
f 347/409/3 352/604/3 349/605/3 357/410/3
f 57/566/315 272/561/305 348/407/304 358/424/316
f 379/440/329 276/88/56 80/300/121 378/465/374
f 371/450/3 380/610/3 377/461/3 385/451/3
f 73/633/375 277/568/322 372/448/321 386/479/376
f 417/526/358 278/584/357 86/578/345 416/508/348
f 411/517/3 427/520/3 418/623/3 415/620/3
f 403/506/347 283/579/346 81/572/332 402/484/335
f 393/491/3 413/494/3 404/619/3 401/615/3
f 87/575/339 284/581/353 414/524/352 394/495/340
f 387/482/334 286/573/333 73/633/375 386/479/376
f 377/461/3 395/464/3 388/614/3 385/451/3
f 378/465/374 80/300/121 287/574/338 396/498/337
f 520/582/354 279/144/92 428/538/362 412/521/355
f 442/634/377 443/635/378 445/636/379 444/637/380
f 443/635/378 442/634/377 476/638/381 477/639/382
f 444/637/380 445/636/379 447/640/383 446/641/384
f 446/641/384 447/640/383 449/642/385 448/643/386
f 448/643/386 449/642/385 451/644/387 450/645/388
f 450/645/388 451/644/387 453/646/389 452/647/390
f 452/647/390 453/646/389 455/648/391 454/649/392
f 454/649/392 455/648/391 457/650/393 456/651/394
f 456/651/394 457/650/393 526/652/395 525/653/396
f 458/654/397 459/655/398 461/656/399 460/657/400
f 459/655/398 458/654/397 531/658/401 532/659/402
f 460/657/400 461/656/399 522/660/403 521/661/404
f 462/662/405 463/663/406 465/664/407 464/665/408
f 463/663/406 462/662/405 527/666/409 528/667/410
f 464/665/408 465/664/407 553/668/411
f 466/669/412 467/670/413 469/671/414 468/672/415
f 467/670/413 466/669/412 472/673/416 473/674/417
f 468/672/415 469/671/414 530/675/418 529/676/419
f 470/677/420 471/678/421 473/674/417 472/673/416
f 471/678/421 470/677/420 490/679/422 491/680/423
f 474/681/424 475/682/425 477/639/382 476/638/381
f 475/682/425 474/681/424 484/683/426 485/684/427
f 478/685/428 479/686/429 481/687/430 480/688/431
f 479/689/429 478/690/428 538/691/432 537/692/432
f 480/693/431 481/694/430 487/695/433 486/696/434
f 482/697/435 483/698/436 485/684/427 484/683/426
f 483/698/436 482/697/435 506/699/437 507/700/438
f 486/701/434 487/702/433 489/703/439 488/704/440
f 488/704/440 489/705/439 499/706/441 498/707/442
f 491/680/423 490/679/422 502/708/443 503/709/444
f 492/710/445 493/711/446 514/712/447 515/713/448
f 493/714/446 492/715/445 495/716/449 494/717/449
f 494/718/450 495/719/450 545/720/450 546/721/450
f 496/722/451 548/723/452 547/724/453
f 498/707/442 499/725/441 508/726/454 509/727/455
f 500/728/456 501/729/457 503/709/444 502/708/443
f 501/729/457 500/728/456 549/730/458 550/731/459
f 504/732/460 505/733/461 507/700/438 506/699/437
f 505/733/461 504/732/460 523/734/462 524/735/463
f 509/727/455 508/736/454 511/737/464 510/738/465
f 510/738/465 511/739/464 518/740/466 519/741/467
f 512/742/468 513/743/469 515/744/448 514/745/447
f 513/746/469 512/742/468 519/741/467 518/740/466
f 521/661/404 522/660/403 524/735/463 523/734/462
f 525/653/396 526/652/395 528/667/410 527/666/409
f 529/676/419 530/675/418 532/659/402 531/658/401
f 533/747/470 534/748/470 539/749/470 540/750/470
f 534/751/471 533/752/471 536/753/471 535/754/471
f 535/754/472 536/753/472 552/755/473 551/756/474
f 537/692/475 538/691/475 540/750/475 539/749/475
f 541/757/476 542/758/476 544/759/476 543/760/476
f 542/758/477 541/757/477 551/756/474 552/755/473
f 543/761/470 544/762/470 546/721/470 545/720/470
f 547/724/453 548/723/452 550/731/459 549/730/458
f 13/22/12 442/763/478 444/764/479 258/23/13
f 14/36/21 446/765/480 448/766/22 263/37/22
f 28/44/27 450/767/481 452/768/482 208/45/28
f 33/52/30 454/769/483 456/770/32 268/53/31
f 40/58/35 458/771/484 460/772/485 233/55/33
f 58/76/46 462/773/486 464/774/408 273/77/47
f 69/82/52 466/775/487 468/776/488 223/79/49
f 79/94/61 470/777/489 472/778/490 203/91/58
f 476/779/491 253/17/9 16/16/8 474/780/492
f 78/298/119 71/297/118 478/685/493 480/688/493
f 16/16/8 252/28/17 484/781/19 474/780/492
f 80/300/121 76/299/120 486/701/493 488/704/494
f 84/96/62 490/782/495 470/777/489 79/94/61
f 493/714/496 494/717/497 496/783/451 497/784/498
f 87/575/339 287/574/338 498/707/499 509/727/500
f 222/106/69 502/785/501 490/782/495 84/96/62
f 24/119/78 247/118/77 506/786/77 482/787/502
f 284/581/353 510/738/503 519/741/504 520/582/354
f 516/788/505 512/742/506 514/745/507 517/789/508
f 516/788/505 520/582/354 519/741/504 512/742/506
f 91/127/84 242/126/83 523/790/83 504/791/509
f 527/792/510 213/65/38 45/64/37 525/793/511
f 40/58/35 232/68/41 531/794/512 458/771/484
f 106/795/93 534/751/93 535/754/93 107/158/93
f 479/689/513 537/692/93 539/749/93 108/151/514
f 478/685/493 71/297/118 553/796/411 538/797/493
f 541/757/111 543/760/111 109/798/111 110/148/111
f 481/694/515 479/689/513 108/151/514 111/150/515
f 487/695/516 481/694/517 111/150/517 112/154/518
f 486/701/493 76/299/120 78/298/119 480/688/493
f 489/799/519 487/800/516 112/154/518 115/139/520
f 508/801/521 499/802/522 288/138/523 114/137/524
f 545/720/111 495/719/111 492/710/525 117/156/526
f 518/803/527 511/804/528 285/141/529 116/140/530
f 97/103/67 282/102/66 547/805/453 549/806/531
f 90/111/72 97/103/67 549/806/531 500/807/532
f 116/140/530 118/153/533 513/808/534 518/803/527
f 492/710/525 515/713/535 119/155/535 117/156/526
f 515/713/536 513/809/534 118/153/533 119/155/536
f 517/789/508 514/745/507 493/714/496 497/784/498
f 120/147/91 551/756/91 541/757/91 110/148/91
f 524/735/537 441/810/538 505/733/539
f 106/149/91 108/151/91 539/749/91 534/748/91
f 543/761/91 545/720/91 117/156/91 109/152/91
f 107/158/91 535/754/91 551/756/91 120/147/91
f 203/91/58 472/778/490 466/775/487 69/82/52
f 208/45/28 452/768/482 454/769/483 33/52/30
f 58/285/46 213/65/38 527/792/510 462/811/486
f 90/111/72 500/807/532 502/785/501 222/106/69
f 223/79/49 468/776/488 529/812/540 66/289/112
f 531/794/512 232/68/41 66/289/112 529/812/540
f 233/55/33 460/772/485 521/813/541 42/293/114
f 523/790/83 242/126/83 42/293/114 521/813/541
f 506/786/77 247/118/77 91/127/84 504/791/509
f 484/781/19 252/28/17 24/119/78 482/787/502
f 13/22/12 253/17/9 476/779/491 442/763/478
f 258/23/13 444/764/479 446/765/480 14/36/21
f 263/37/22 448/766/22 450/767/481 28/44/27
f 268/53/31 456/770/32 525/793/511 45/64/37
f 273/77/47 464/774/408 553/796/411 71/297/118
f 280/107/70 279/144/92 520/582/354 516/788/505
f 516/788/505 517/789/508 281/101/65 280/107/70
f 517/789/508 497/784/498 282/102/66 281/101/65
f 547/805/453 282/102/66 497/784/498 496/814/451
f 87/575/339 509/727/500 510/738/503 284/581/353
f 285/141/529 511/804/528 508/801/521 114/137/524
f 498/707/499 287/574/338 80/300/121 488/704/494
f 288/138/523 499/802/522 489/799/519 115/139/520
f 441/810/538 536/815/542 540/816/543 465/664/544
f 441/810/538 465/664/544 463/663/545
f 441/810/538 463/663/545 528/667/546
f 441/810/538 528/667/546 526/652/547
f 441/810/538 526/652/547 457/650/547
f 441/810/538 457/650/547 455/648/548
f 441/810/538 455/648/548 453/646/548
f 441/810/538 453/646/548 451/644/549
f 441/810/538 451/644/549 449/642/550
f 441/810/538 449/642/550 447/640/551
f 441/810/538 447/640/551 445/636/552
f 441/810/538 445/636/552 443/635/553
f 441/810/538 443/635/553 477/639/554
f 441/810/538 477/639/554 475/682/555
f 441/810/538 475/682/555 485/684/537
f 441/810/538 485/684/537 483/698/556
f 441/810/538 483/698/556 507/700/557
f 441/810/538 507/700/557 505/733/539
f 522/660/558 441/810/538 524/735/537
f 461/656/559 441/810/538 522/660/558
f 459/655/560 441/810/538 461/656/559
f 532/659/561 441/810/538 459/655/560
f 530/675/562 441/810/538 532/659/561
f 469/671/563 441/810/538 530/675/562
f 467/670/564 441/810/538 469/671/563
f 473/674/565 441/810/538 467/670/564
f 471/678/566 441/810/538 473/674/565
f 491/680/567 441/810/538 471/678/566
f 503/709/568 441/810/538 491/680/567
f 501/729/569 441/810/538 503/709/568
f 550/731/570 441/810/538 501/729/569
f 548/723/571 441/810/538 550/731/570
f 542/817/572 546/818/573 544/819/574
f 552/820/575 441/810/538 542/817/572
f 536/815/542 441/810/538 552/820/575
f 540/816/543 536/815/542 533/821/574
f 546/818/573 548/723/571 496/722/576 494/822/576
f 441/810/538 548/723/571 546/818/573 542/817/572
f 465/664/544 540/816/543 538/823/577 553/668/577
f 37/824/3 554/825/578 257/826/578
f 89/827/3 88/828/3 554/825/578
f 554/825/578 88/828/3 218/829/578
f 554/825/578 218/829/578 85/830/3
f 554/825/578 85/830/3 82/831/3
f 554/825/578 82/831/3 207/832/578
f 554/825/578 207/832/578 74/833/3
f 554/825/578 74/833/3 227/834/578
f 554/825/578 227/834/578 67/835/3
f 554/825/578 67/835/3 228/836/578
f 554/825/578 228/836/578 56/837/3
f 554/825/578 56/837/3 237/838/578
f 554/825/578 237/838/578 48/839/3
f 554/825/578 48/839/3 238/840/578
f 554/825/578 238/840/578 43/841/3
f 554/825/578 43/841/3 243/842/578
f 554/825/578 243/842/578 38/843/3
f 554/825/578 38/843/3 248/844/578
f 554/825/578 248/844/578 36/845/3
f 554/825/578 36/845/3 257/826/578
f 262/846/578 554/825/578 37/824/3
f 39/847/3 554/825/578 262/846/578
f 267/848/578 554/825/578 39/847/3
f 44/849/3 554/825/578 267/848/578
f 212/850/578 554/825/578 44/849/3
f 49/851/3 554/825/578 212/850/578
f 272/852/579 554/825/578 49/851/3
f 57/853/3 554/825/578 272/852/579
f 217/854/579 554/825/578 57/853/3
f 68/855/3 554/825/578 217/854/579
f 277/856/579 554/825/578 68/855/3
f 73/857/3 554/825/578 277/856/579
f 286/858/579 554/825/578 73/857/3
f 81/859/3 554/825/578 286/858/579
f 283/860/579 554/825/578 81/859/3
f 86/861/3 554/825/578 283/860/579
f 278/862/579 554/825/578 86/861/3
f 89/827/3 554/825/578 278/862/579
o Dustbin_cap
v 10.737515 63.022835 21.251354
v 10.737515 63.808319 20.980896
v 10.737515 64.638931 20.966404
v 10.737515 65.433365 21.209269
v 10.737515 66.113869 21.685770
v 10.737515 66.613815 22.349220
v 10.737515 66.884285 23.134718
v 10.737515 66.898781 23.965322
v 10.737515 66.655907 24.759754
v 10.737515 66.179398 25.440271
v 10.737515 65.515945 25.940210
v 10.737515 64.730476 26.210672
v 10.737515 63.899860 26.225183
v 10.737515 63.105423 25.982311
v 10.737515 62.424919 25.505793
v 10.737515 61.924973 24.842331
v 10.737515 61.654522 24.056866
v 10.737515 61.640011 23.226248
v 10.737515 61.882885 22.431801
v 10.737515 62.359398 21.751310
v -10.821099 63.022835 21.251354
v -10.821099 63.808319 20.980896
v -10.821099 64.638931 20.966404
v -10.821099 65.433365 21.209269
v -10.821099 66.113869 21.685770
v -10.821099 66.613815 22.349220
v -10.821099 66.884285 23.134718
v -10.821099 66.898781 23.965322
v -10.821099 66.655907 24.759754
v -10.821099 66.179398 25.440271
v -10.821099 65.515945 25.940210
v -10.821099 64.730476 26.210672
v -10.821099 63.899860 26.225183
v -10.821099 63.105423 25.982311
v -10.821099 62.424919 25.505793
v -10.821099 61.924973 24.842331
v -10.821099 61.654522 24.056866
v -10.821099 61.640011 23.226248
v -10.821099 61.882885 22.431801
v -10.821099 62.359398 21.751310
v -7.653284 66.342690 25.297573
v -0.003760 66.342690 25.297573
v 7.645763 66.342690 25.297573
v -0.003760 88.254562 22.306574
v -23.546616 80.447227 22.490011
v -23.457581 80.514465 22.704819
v -23.242645 80.599289 22.783733
v -20.030502 73.651321 23.688328
v -19.951309 73.737572 23.899769
v -19.760132 73.868324 23.970600
v -14.501293 66.326645 25.206522
v -14.554028 66.287880 24.986700
v 14.366455 66.342690 25.297573
v 14.546524 66.287880 24.986700
v 14.493774 66.326645 25.206522
v 20.022976 73.651321 23.688328
v 19.943783 73.737587 23.899759
v 19.752605 73.868324 23.970600
v 23.539074 80.447227 22.490011
v 23.450039 80.514465 22.704819
v 23.235111 80.599289 22.783733
v 24.750645 87.980545 21.161684
v 24.657032 88.019318 21.381512
v 24.431049 88.035362 21.472578
v 23.539074 95.513855 19.833380
v 23.450039 95.524124 20.058212
v 23.235111 95.471420 20.161400
v 20.022976 102.309769 18.635063
v 19.947247 102.294327 18.864456
v 19.764416 102.179565 18.978550
v 14.546524 107.703011 17.684090
v 14.491501 107.667183 17.917063
v 14.358673 107.503212 18.039854
v 7.645763 111.165695 17.073524
v 7.616848 111.116806 17.308817
v 7.547009 110.921188 17.437180
v -0.003760 112.358841 16.863140
v -0.003760 112.305435 17.099215
v -0.003760 112.098953 17.229517
v -7.653284 111.165695 17.073524
v -7.624353 111.116806 17.308817
v -7.554529 110.921188 17.437180
v -14.554028 107.703011 17.684090
v -14.499004 107.667183 17.917063
v -14.366177 107.503212 18.039854
v -20.030487 102.309769 18.635063
v -19.954773 102.294312 18.864452
v -19.771927 102.179565 18.978550
v -23.546585 95.513855 19.833380
v -23.457550 95.524124 20.058212
v -23.242630 95.471420 20.161400
v -24.758152 87.980545 21.161684
v -24.664555 88.019318 21.381512
v -24.438557 88.035362 21.472578
v 7.645763 66.326645 25.206522
v -0.003760 66.326645 25.206522
v -7.653284 66.326645 25.206522
v -7.653284 66.287880 24.986700
v -0.003760 66.287880 24.986700
v 7.645763 66.287880 24.986700
v -22.263763 81.189880 23.870859
v -22.132660 81.255531 23.995213
v -18.821945 74.900734 25.341595
v -18.939240 74.806541 25.222885
v -13.690578 67.915169 26.821602
v -13.761196 67.755875 26.716253
v -7.190317 67.911331 26.822325
v -7.236475 67.755058 26.712074
v -0.003760 67.915169 26.821470
v -0.003760 67.755753 26.715811
v 7.182796 67.911331 26.822325
v 7.228939 67.755058 26.712074
v 13.683456 67.914406 26.821766
v 13.753677 67.755875 26.716253
v 18.814617 74.900635 25.341612
v 18.931728 74.806541 25.222885
v 22.125118 81.255531 23.995213
v 22.256237 81.189880 23.870859
v 23.264629 88.289513 22.505005
v 23.401783 88.266075 22.372332
v 22.126583 95.323944 21.014606
v 22.256237 95.342506 20.873869
v 18.822277 101.670418 19.670034
v 18.931728 101.726807 19.522366
v 13.674911 106.707733 18.602816
v 13.753677 106.794281 18.450230
v 7.187969 109.942719 17.917435
v 7.228939 110.048920 17.762306
v -0.003760 111.057571 17.681261
v -0.003760 111.170837 17.525497
v -7.195337 109.942261 17.917530
v -7.236475 110.048920 17.762306
v -13.681988 106.707146 18.602919
v -13.761181 106.794281 18.450230
v -18.829147 101.669952 19.670132
v -18.939240 101.726807 19.522366
v -22.133347 95.323723 21.014652
v -22.263748 95.342506 20.873869
v -23.271408 88.289497 22.504999
v -23.409302 88.266075 22.372332
v -0.003760 88.112946 21.181736
v -14.373974 66.342690 25.297573
v 8.910262 63.808319 20.980896
v 8.910262 63.022835 21.251354
v 8.910262 62.359398 21.751310
v 8.910262 61.882885 22.431801
v 8.910262 61.640011 23.226248
v 8.910262 61.654522 24.056866
v 8.910262 61.924973 24.842331
v 8.910262 62.424919 25.505793
v 8.910262 63.105423 25.982311
v 8.910262 63.899860 26.225183
v 8.910262 64.730476 26.210672
v 8.910262 65.515945 25.940210
v 8.910262 66.179398 25.440271
v 8.910262 66.655907 24.759754
v 8.910262 66.898781 23.965322
v 8.910262 66.884285 23.134718
v 8.910262 66.613815 22.349220
v 8.910262 66.113869 21.685770
v 8.910262 65.433365 21.209269
v 8.910262 64.638931 20.966404
v -9.180705 63.808319 20.980896
v -9.180705 63.022835 21.251354
v -9.180705 62.359398 21.751310
v -9.180705 61.882885 22.431801
v -9.180705 61.640011 23.226248
v -9.180705 61.654522 24.056866
v -9.180705 61.924973 24.842331
v -9.180705 62.424919 25.505793
v -9.180705 63.105423 25.982311
v -9.180705 63.899860 26.225183
v -9.180705 64.730476 26.210672
v -9.180705 65.515945 25.940210
v -9.180705 66.179398 25.440271
v -9.180705 66.655907 24.759754
v -9.180705 66.898781 23.965322
v -9.180705 66.884285 23.134718
v -9.180705 66.613815 22.349220
v -9.180705 66.113869 21.685770
v -9.180705 65.433365 21.209276
v -9.180705 64.638931 20.966404
v -9.180705 64.063339 23.967127
v 8.910262 64.171738 24.000267
v -7.260174 67.395332 25.111963
v -7.236475 67.471214 25.168291
v -0.003760 67.393211 25.112329
v -0.003760 67.470833 25.166252
v 7.252639 67.395332 25.111963
v 7.228939 67.471214 25.168291
v 13.787825 67.393242 25.112309
v 13.753677 67.470856 25.166286
v -13.795395 67.393166 25.112345
v -13.761196 67.470856 25.166286
v -23.546616 79.810661 18.879810
v -23.482269 79.819633 18.810387
v -20.030502 73.014748 20.078104
v -19.973408 73.037750 20.006210
v -14.554028 65.651321 21.376480
v -14.520140 65.705521 21.299080
v 14.546524 65.651321 21.376480
v 14.512638 65.705521 21.299080
v 20.022976 73.014748 20.078104
v 19.965881 73.037750 20.006210
v 23.539074 79.810661 18.879810
v 23.474728 79.819633 18.810387
v 24.750645 87.343971 17.551487
v 24.682987 87.332382 17.485685
v 23.539074 94.877281 16.223169
v 23.474728 94.845078 16.160995
v 20.022976 101.673172 15.024858
v 19.968243 101.622421 14.965955
v 14.546524 107.066437 14.073878
v 14.506756 107.000916 14.017578
v 7.645763 110.529129 13.463314
v 7.624856 110.454147 13.408697
v -0.003760 111.722290 13.252924
v -0.003760 111.644043 13.198875
v -7.653284 110.529129 13.463314
v -7.632377 110.454147 13.408697
v -14.554028 107.066437 14.073878
v -14.514259 107.000916 14.017578
v -20.030487 101.673172 15.024858
v -19.975750 101.622421 14.965955
v -23.546585 94.877281 16.223169
v -23.482239 94.845078 16.160995
v -24.758152 87.343971 17.551487
v -24.690495 87.332382 17.485685
v -22.328087 80.961227 22.719931
v -22.263763 80.993660 22.782038
v -18.996399 74.521927 23.855360
v -18.939240 74.568184 23.914968
v 18.988869 74.521950 23.855349
v 18.931728 74.568184 23.914936
v 22.320530 80.961243 22.719929
v 22.256237 80.993645 22.782001
v 23.469437 88.104645 21.460361
v 23.401783 88.116280 21.526142
v 22.320560 95.248062 20.200777
v 22.256237 95.238762 20.270241
v 18.986313 101.692108 19.064524
v 18.931728 101.663818 19.137123
v 13.793100 106.805862 18.162825
v 13.753677 106.762283 18.237675
v 7.249475 110.088684 17.583975
v 7.228939 110.035156 17.659937
v -0.003760 111.219643 17.384556
v -0.003760 111.162712 17.460762
v -7.256970 110.088570 17.583994
v -7.236475 110.035156 17.659937
v -13.800512 106.805740 18.162838
v -13.761181 106.762283 18.237675
v -18.993736 101.692032 19.064529
v -18.939240 101.663803 19.137117
v -22.328030 95.248024 20.200768
v -22.263748 95.238747 20.270197
v -23.476959 88.104645 21.460361
v -23.409302 88.116280 21.526142
v -7.653284 65.651352 21.376690
v -7.645683 65.705315 21.299112
v -0.003760 65.651428 21.377123
v 0.007937 65.705208 21.299419
v 7.645763 65.651314 21.376589
v 7.640632 65.705421 21.299101
v -22.685875 80.120064 18.757408
v -22.621597 80.152466 18.819548
v -19.273415 73.576492 19.911228
v -19.218811 73.627426 19.970100
v -13.972097 68.389114 20.825899
v -13.935116 68.457298 20.881733
v -7.613808 66.020744 21.243502
v -7.601511 66.098122 21.297722
v 7.607235 66.144638 21.289520
v 7.619740 66.067345 21.235285
v 14.088478 68.477707 20.810278
v 14.051285 68.545822 20.866127
v 19.356022 73.698639 19.889687
v 19.301159 73.749229 19.948618
v 22.725754 80.263634 18.732105
v 22.661343 80.295624 18.794317
v 23.870556 87.532822 17.450338
v 23.802898 87.544220 17.516182
v 22.678379 94.794609 16.169893
v 22.614101 94.785431 16.239376
v 19.265907 101.338173 15.016090
v 19.211300 101.310455 15.088840
v 13.967203 106.522980 14.101870
v 13.927612 106.480560 14.177209
v 7.300909 109.841522 13.516737
v 7.280209 109.789688 13.593720
v -0.080409 110.968933 13.317936
v -0.080192 110.913918 13.395485
v -7.454213 109.794891 13.524947
v -7.433100 109.743179 13.601927
v -14.098730 106.434219 14.117516
v -14.058788 106.392052 14.192798
v -19.363529 101.216034 15.037623
v -19.308670 101.188629 15.110316
v -22.733250 94.651016 16.195215
v -22.668839 94.642212 16.264614
v -23.878048 87.381844 17.476971
v -23.810394 87.393646 17.542744
v -22.621597 80.784851 22.406029
v -22.557320 80.817230 22.468168
v -19.218811 74.259811 23.556568
v -19.164204 74.310760 23.615427
v -13.935116 69.089684 24.468203
v -13.898134 69.157875 24.524027
v -7.601511 66.730515 24.884188
v -7.589214 66.807877 24.938395
v 7.594730 66.854340 24.930202
v 7.607235 66.777023 24.875971
v 14.051285 69.178207 24.452578
v 14.014091 69.246300 24.508411
v 19.301159 74.381622 23.535091
v 19.246296 74.432198 23.594015
v 22.661343 80.928009 22.380779
v 22.596931 80.960007 22.442986
v 23.802898 88.176590 21.102665
v 23.735245 88.188011 21.168509
v 22.614101 95.417824 19.825842
v 22.549824 95.408615 19.895306
v 19.211300 101.942841 18.675304
v 19.156693 101.915100 18.748037
v 13.927612 107.112946 17.763676
v 13.888021 107.070511 17.839014
v 7.280209 110.422081 17.180170
v 7.259508 110.370255 17.257174
v -0.080192 111.546295 16.981949
v -0.079975 111.491287 17.059505
v -7.433100 110.375572 17.188379
v -7.411986 110.323860 17.265354
v -14.058788 107.024445 17.779282
v -14.018845 106.982285 17.854563
v -19.308670 101.821014 18.696785
v -19.253807 101.793648 18.769461
v -22.668839 95.274628 19.851107
v -22.604427 95.265839 19.920496
v -23.810394 88.026039 21.129211
v -23.742737 88.037857 21.194977
v 0.072451 66.788795 24.941746
v 0.072686 66.711380 24.887547
v 0.072686 66.079384 21.303219
v 0.061040 66.002502 21.248280
vn -0.0000 -0.1736 -0.9848
vn -0.0000 -0.4695 -0.8829
vn -0.0000 0.1392 -0.9903
vn -0.0000 0.4384 -0.8988
vn -0.0000 0.6947 -0.7193
vn -0.0000 0.8829 -0.4695
vn -0.0000 0.9848 -0.1736
vn -0.0000 0.9903 0.1392
vn -0.0000 0.8988 0.4384
vn -0.0000 0.8326 0.5539
vn -0.0000 0.7193 0.6947
vn -0.0000 0.4695 0.8829
vn -0.0000 0.1737 0.9848
vn -0.0000 -0.1392 0.9903
vn -0.0000 -0.4384 0.8988
vn -0.0000 -0.6947 0.7193
vn -0.0000 -0.8830 0.4695
vn -0.0000 -0.9848 0.1737
vn -0.0000 -0.9903 -0.1392
vn -0.0000 -1.0000 -0.0064
vn -0.0000 -0.8988 -0.4384
vn -0.0000 -0.7193 -0.6947
vn -0.0000 -0.9848 0.1736
vn -0.0701 0.1305 0.9890
vn -0.4007 -0.1308 0.9069
vn -0.0383 0.1465 0.9885
vn -0.7737 -0.5047 0.3830
vn -0.8477 -0.5186 0.1118
vn -0.8067 -0.5784 0.1211
vn -0.9508 -0.3002 0.0765
vn -0.9125 -0.0759 0.4019
vn -0.9997 0.0040 0.0229
vn -0.3780 0.1015 0.9202
vn -0.0862 0.1453 0.9856
vn -0.0922 0.1729 0.9806
vn -0.3410 -0.0107 0.9400
vn -0.8232 -0.3466 0.4497
vn 0.0383 0.1465 0.9885
vn 0.4007 -0.1308 0.9068
vn 0.0701 0.1304 0.9890
vn 0.7737 -0.5047 0.3830
vn 0.8074 -0.5774 0.1210
vn 0.8477 -0.5185 0.1118
vn 0.3410 -0.0107 0.9400
vn 0.0862 0.1453 0.9856
vn 0.8232 -0.3466 0.4497
vn 0.9508 -0.3002 0.0765
vn 0.3780 0.1015 0.9202
vn 0.0922 0.1729 0.9806
vn 0.9125 -0.0759 0.4020
vn 0.9997 0.0041 0.0229
vn 0.3780 0.2194 0.8994
vn 0.0892 0.2014 0.9754
vn 0.9125 0.2088 0.3518
vn 0.9508 0.3083 -0.0307
vn 0.3410 0.3315 0.8797
vn 0.0771 0.2280 0.9706
vn 0.8232 0.4795 0.3041
vn 0.8088 0.5828 -0.0791
vn 0.2706 0.4269 0.8629
vn 0.0568 0.2498 0.9666
vn 0.6533 0.7098 0.2634
vn 0.5876 0.8006 -0.1176
vn 0.1737 0.4962 0.8506
vn 0.0301 0.2640 0.9641
vn 0.4194 0.8771 0.2339
vn 0.3089 0.9404 -0.1422
vn 0.0599 0.5327 0.8442
vn -0.0000 0.2689 0.9632
vn 0.1445 0.9651 0.2183
vn -0.0000 0.9886 -0.1507
vn -0.0599 0.5327 0.8442
vn -0.0301 0.2640 0.9641
vn -0.1445 0.9651 0.2183
vn -0.3090 0.9404 -0.1422
vn -0.1737 0.4962 0.8506
vn -0.0567 0.2497 0.9667
vn -0.4194 0.8771 0.2339
vn -0.5877 0.8005 -0.1175
vn -0.2706 0.4269 0.8629
vn -0.0771 0.2281 0.9706
vn -0.6533 0.7098 0.2634
vn -0.8088 0.5827 -0.0791
vn -0.3410 0.3315 0.8797
vn -0.0892 0.2014 0.9754
vn -0.8232 0.4795 0.3041
vn -0.9508 0.3083 -0.0307
vn -0.3780 0.2194 0.8994
vn -0.9125 0.2088 0.3518
vn -0.6970 0.0388 0.7160
vn -0.6317 -0.1688 0.7566
vn -0.5758 -0.2587 0.7756
vn -0.0000 -0.5641 0.8257
vn -0.0000 -0.5643 0.8256
vn -0.0000 -0.5644 0.8255
vn -0.0000 -0.5645 0.8254
vn -0.0000 -0.5650 0.8251
vn -0.0000 -0.5649 0.8252
vn -0.0001 -0.5654 0.8248
vn 0.5769 -0.2596 0.7744
vn 0.6320 -0.1689 0.7564
vn 0.6979 0.0385 0.7151
vn 0.6943 0.2549 0.6730
vn 0.6220 0.4583 0.6348
vn 0.4890 0.6279 0.6055
vn 0.3103 0.7467 0.5884
vn 0.1058 0.8057 0.5827
vn -0.1058 0.8052 0.5834
vn -0.3096 0.7455 0.5902
vn -0.4876 0.6269 0.6076
vn -0.6202 0.4578 0.6369
vn -0.6924 0.2550 0.6750
vn 0.0082 0.2099 0.9777
vn 0.0074 0.2117 0.9773
vn 0.0004 0.1975 0.9803
vn 0.0070 0.2122 0.9772
vn -0.0000 0.2167 0.9762
vn 0.0008 0.2172 0.9761
vn -0.0003 0.2165 0.9763
vn -0.0074 0.2117 0.9773
vn -0.0078 0.2111 0.9774
vn -0.0087 0.2086 0.9780
vn -0.0087 0.2073 0.9782
vn -0.0082 0.2046 0.9788
vn -0.0070 0.2023 0.9793
vn -0.0051 0.2004 0.9797
vn -0.0027 0.1992 0.9800
vn -0.0000 0.1988 0.9800
vn 0.0027 0.1992 0.9800
vn 0.0051 0.2004 0.9797
vn 0.0070 0.2023 0.9793
vn 0.0082 0.2046 0.9788
vn 0.0087 0.2073 0.9782
vn -0.0000 -1.0000 -0.0086
vn -0.0000 0.8338 0.5520
vn -0.0249 0.2922 -0.9560
vn 0.0249 0.2922 -0.9560
vn 0.0234 0.2923 -0.9560
vn -0.0224 0.2923 -0.9561
vn 1.0000 -0.0000 -0.0000
vn -1.0000 -0.0000 -0.0000
vn 0.0224 0.2923 -0.9561
vn -0.0234 0.2927 -0.9559
vn -0.0000 -0.5833 0.8123
vn -0.0000 -0.5833 0.8122
vn -0.0000 -0.5834 0.8122
vn -0.0000 -0.5835 0.8121
vn -0.0000 -0.5836 0.8121
vn 0.5733 -0.2827 0.7691
vn 0.5994 -0.2425 0.7628
vn 0.5995 -0.2423 0.7628
vn -0.5730 -0.2824 0.7693
vn -0.5994 -0.2422 0.7629
vn -0.5993 -0.2424 0.7630
vn -0.6683 -0.3374 -0.6630
vn -0.6682 -0.3374 -0.6630
vn -0.5985 -0.4916 -0.6326
vn -0.7027 -0.1236 -0.7007
vn -0.7027 -0.1235 -0.7007
vn -0.5704 -0.5342 -0.6239
vn -0.0000 -0.8200 -0.5723
vn -0.0000 -0.8208 -0.5712
vn -0.0000 -0.8208 -0.5713
vn 0.5704 -0.5342 -0.6239
vn 0.5985 -0.4916 -0.6326
vn -0.0000 -0.8195 -0.5731
vn -0.0000 -0.8203 -0.5720
vn -0.0000 -0.8203 -0.5719
vn 0.6682 -0.3374 -0.6630
vn 0.6683 -0.3374 -0.6630
vn 0.7027 -0.1235 -0.7007
vn 0.7027 -0.1236 -0.7007
vn 0.6683 0.0903 -0.7384
vn 0.5685 0.2832 -0.7724
vn 0.4130 0.4363 -0.7994
vn 0.2171 0.5345 -0.8168
vn -0.0000 0.5684 -0.8228
vn -0.2171 0.5345 -0.8168
vn -0.4130 0.4363 -0.7994
vn -0.5685 0.2832 -0.7724
vn -0.6683 0.0903 -0.7384
vn -0.6678 -0.0902 0.7389
vn -0.6679 -0.0899 0.7388
vn -0.7025 0.1236 0.7008
vn 0.6678 -0.0902 0.7388
vn 0.6679 -0.0899 0.7388
vn 0.7025 0.1235 0.7008
vn 0.7025 0.1236 0.7008
vn 0.6675 0.3374 0.6638
vn 0.6676 0.3370 0.6639
vn 0.5657 0.5292 0.6324
vn 0.5662 0.5284 0.6325
vn 0.4080 0.6786 0.6108
vn 0.4092 0.6778 0.6109
vn 0.2126 0.7713 0.5999
vn 0.2138 0.7710 0.5999
vn -0.0000 0.8024 0.5968
vn -0.2128 0.7717 0.5993
vn -0.2140 0.7714 0.5993
vn -0.4084 0.6791 0.6100
vn -0.4096 0.6783 0.6101
vn -0.5661 0.5294 0.6319
vn -0.5666 0.5287 0.6320
vn -0.6676 0.3375 0.6636
vn -0.6677 0.3371 0.6637
vn -0.0000 -0.8213 -0.5705
vn -0.0000 -0.8213 -0.5704
vn 0.6676 0.0924 -0.7387
vn 0.5672 0.2850 -0.7727
vn 0.7027 -0.1213 -0.7011
vn 0.3844 0.4511 -0.8054
vn 0.1194 0.5590 -0.8205
vn -0.0026 0.5777 -0.8163
vn -0.0019 0.5776 -0.8163
vn -0.1239 0.5586 -0.8201
vn -0.3852 0.4503 -0.8056
vn -0.3851 0.4503 -0.8056
vn -0.5698 0.2814 -0.7721
vn -0.6690 0.0882 -0.7380
vn -0.7027 -0.1258 -0.7003
vn -0.6677 -0.3395 -0.6625
vn -0.5672 -0.5321 -0.6285
vn -0.4112 -0.6847 -0.6017
vn -0.4113 -0.6847 -0.6017
vn -0.2150 -0.7824 -0.5845
vn 0.0023 -0.8156 -0.5786
vn 0.2193 -0.7810 -0.5848
vn 0.4148 -0.6821 -0.6022
vn 0.5698 -0.5285 -0.6293
vn 0.6690 -0.3353 -0.6634
vn 0.6676 0.0924 -0.7388
vn 0.5671 0.2850 -0.7727
vn 0.3844 0.4510 -0.8055
vn 0.1191 0.5569 -0.8220
vn -0.0022 0.5736 -0.8192
vn -0.1237 0.5563 -0.8217
vn -0.3852 0.4502 -0.8056
vn -0.7027 -0.1257 -0.7003
vn -0.6676 -0.3395 -0.6626
vn -0.5671 -0.5321 -0.6287
vn -0.2150 -0.7824 -0.5844
vn 0.2193 -0.7810 -0.5847
vn 0.4149 -0.6821 -0.6022
vn -0.0000 0.1736 0.9848
vn -0.9511 -0.3043 0.0537
vn -0.8478 -0.5222 0.0921
vn -0.8067 -0.5819 0.1026
vn 0.8067 -0.5819 0.1026
vn 0.8478 -0.5222 0.0921
vn 0.9511 -0.3043 0.0537
vn 0.9511 0.3043 -0.0537
vn 0.8090 0.5789 -0.1021
vn 0.5878 0.7967 -0.1405
vn 0.3090 0.9366 -0.1651
vn -0.3090 0.9366 -0.1651
vn -0.5878 0.7967 -0.1405
vn -0.8090 0.5789 -0.1021
vn -0.9511 0.3043 -0.0537
vn -0.9456 -0.3203 0.0578
vn -0.8466 -0.5237 0.0954
vn -0.8461 -0.5244 0.0957
vn -0.9447 -0.3226 0.0583
vn -0.8121 -0.5740 0.1051
vn -0.0000 -0.9835 0.1808
vn 0.8121 -0.5740 0.1051
vn 0.8466 -0.5236 0.0956
vn 0.8461 -0.5244 0.0957
vn 0.9456 -0.3203 0.0579
vn 0.9447 -0.3226 0.0583
vn 0.9997 -0.0224 0.0043
vn 0.9997 -0.0256 0.0048
vn 0.9598 0.2768 -0.0473
vn 0.9608 0.2731 -0.0466
vn 0.8307 0.5493 -0.0900
vn 0.8332 0.5457 -0.0895
vn 0.6255 0.7712 -0.1183
vn 0.6290 0.7684 -0.1180
vn 0.3534 0.9264 -0.1296
vn 0.3565 0.9253 -0.1296
vn -0.0000 0.9915 -0.1298
vn -0.3534 0.9264 -0.1296
vn -0.3565 0.9253 -0.1296
vn -0.6255 0.7712 -0.1183
vn -0.6290 0.7684 -0.1181
vn -0.8307 0.5493 -0.0900
vn -0.8332 0.5457 -0.0895
vn -0.9598 0.2769 -0.0470
vn -0.9608 0.2731 -0.0466
vn -0.9997 -0.0224 0.0043
vn -0.9997 -0.0255 0.0048
vn -0.0000 -0.1732 -0.9849
vn -0.0000 -0.1733 -0.9849
vn -0.0000 -0.1734 -0.9849
vn -0.0000 -0.1737 -0.9848
vn 0.8071 0.5814 -0.1025
vn 0.9501 0.3073 -0.0542
vn 0.5498 0.8226 -0.1451
vn 0.1699 0.9705 -0.1711
vn -0.5510 0.8218 -0.1449
vn -0.1764 0.9694 -0.1709
vn -0.8109 0.5763 -0.1016
vn -0.9520 0.3013 -0.0531
vn -1.0000 -0.0032 0.0006
vn -0.9501 -0.3073 0.0542
vn -0.8071 -0.5814 0.1025
vn -0.5852 -0.7986 0.1408
vn -0.3060 -0.9376 0.1653
vn 0.0032 -0.9848 0.1736
vn 0.3121 -0.9356 0.1650
vn 0.5904 -0.7949 0.1402
vn 0.8109 -0.5763 0.1016
vn 0.9520 -0.3013 0.0531
vn 1.0000 0.0032 -0.0006
vn -0.0032 0.9848 -0.1736
vn -0.0000 -0.1717 -0.9851
vt 0.190451 0.330897
vt 0.172691 0.330897
vt 0.172691 0.323740
vt 0.190451 0.323740
vt 0.190451 0.338053
vt 0.172691 0.338053
vt 0.190451 0.345210
vt 0.172691 0.345210
vt 0.190451 0.352366
vt 0.172691 0.352366
vt 0.190451 0.359523
vt 0.172691 0.359523
vt 0.190451 0.366679
vt 0.172691 0.366679
vt 0.190451 0.373835
vt 0.172691 0.373835
vt 0.190451 0.380992
vt 0.172691 0.380992
vt 0.190451 0.388148
vt 0.172691 0.388148
vt 0.190451 0.395304
vt 0.172691 0.395304
vt 0.190451 0.402461
vt 0.172691 0.402461
vt 0.190451 0.409617
vt 0.172691 0.409617
vt 0.190451 0.416774
vt 0.172691 0.416774
vt 0.190451 0.423930
vt 0.172691 0.423930
vt 0.190451 0.431086
vt 0.172691 0.431086
vt 0.190451 0.438243
vt 0.172691 0.438243
vt 0.190451 0.445399
vt 0.172691 0.445399
vt 0.190451 0.452556
vt 0.172691 0.452556
vt 0.190451 0.316584
vt 0.172691 0.316584
vt 0.172691 0.309428
vt 0.190451 0.309428
vt 0.955826 0.186948
vt 0.955826 0.142644
vt 0.957294 0.143904
vt 0.957294 0.187945
vt 0.955825 0.094481
vt 0.957293 0.095768
vt 0.955826 0.046645
vt 0.957294 0.047664
vt 0.957295 0.003134
vt 0.955825 0.003487
vt 0.958361 0.247584
vt 0.957294 0.246926
vt 0.958361 0.188541
vt 0.955826 0.246269
vt 0.955826 0.295115
vt 0.957294 0.295626
vt 0.957294 0.344467
vt 0.955826 0.344060
vt 0.958361 0.296137
vt 0.958361 0.344875
vt 0.958361 0.988186
vt 0.957293 0.988741
vt 0.957295 0.929938
vt 0.958361 0.928873
vt 0.955826 0.989297
vt 0.955825 0.931003
vt 0.957294 0.881088
vt 0.958361 0.880006
vt 0.955826 0.882169
vt 0.957294 0.832278
vt 0.958361 0.831283
vt 0.955826 0.833272
vt 0.957294 0.783469
vt 0.958361 0.782606
vt 0.955826 0.784333
vt 0.957294 0.734682
vt 0.958361 0.733950
vt 0.955826 0.735413
vt 0.957294 0.685902
vt 0.958361 0.685313
vt 0.955826 0.686490
vt 0.957294 0.637130
vt 0.958361 0.636690
vt 0.955826 0.637569
vt 0.957294 0.588366
vt 0.958361 0.588083
vt 0.955826 0.588648
vt 0.957294 0.539602
vt 0.958361 0.539477
vt 0.955826 0.539727
vt 0.957294 0.490830
vt 0.958361 0.490855
vt 0.955826 0.490806
vt 0.957294 0.442049
vt 0.958361 0.442218
vt 0.955826 0.441881
vt 0.957295 0.393268
vt 0.958361 0.393561
vt 0.955826 0.392975
vt 0.958361 0.005615
vt 0.958361 0.048684
vt 0.958361 0.097055
vt 0.958361 0.145164
vt 0.854346 0.348670
vt 0.854087 0.349543
vt 0.820074 0.344292
vt 0.820050 0.343379
vt 0.885372 0.364247
vt 0.884901 0.365022
vt 0.918965 0.389150
vt 0.918102 0.389616
vt 0.919746 0.419690
vt 0.918845 0.419935
vt 0.919973 0.453939
vt 0.919069 0.453941
vt 0.919961 0.488188
vt 0.919059 0.487948
vt 0.919370 0.518728
vt 0.918506 0.518269
vt 0.885940 0.543846
vt 0.885464 0.543075
vt 0.855013 0.559620
vt 0.854748 0.558749
vt 0.820749 0.565126
vt 0.820768 0.564216
vt 0.786463 0.559800
vt 0.786763 0.558940
vt 0.755497 0.544151
vt 0.756049 0.543426
vt 0.730878 0.519703
vt 0.731625 0.519182
vt 0.715017 0.488844
vt 0.715887 0.488573
vt 0.709479 0.454597
vt 0.710391 0.454594
vt 0.714810 0.420318
vt 0.715682 0.420585
vt 0.730476 0.389366
vt 0.731229 0.389884
vt 0.754937 0.364766
vt 0.755494 0.365489
vt 0.785800 0.348922
vt 0.786106 0.349782
vt 0.820318 0.454254
vt 0.030854 0.318520
vt 0.030854 0.326117
vt 0.003954 0.326117
vt 0.003954 0.318520
vt 0.030854 0.310923
vt 0.003954 0.310923
vt 0.030854 0.303326
vt 0.003954 0.303326
vt 0.030854 0.447672
vt 0.030854 0.455268
vt 0.003954 0.455269
vt 0.003954 0.447672
vt 0.030854 0.440074
vt 0.003954 0.440074
vt 0.030854 0.432477
vt 0.003954 0.432477
vt 0.030854 0.424880
vt 0.003954 0.424880
vt 0.030854 0.417283
vt 0.003954 0.417283
vt 0.030854 0.409686
vt 0.003954 0.409686
vt 0.030854 0.402089
vt 0.003954 0.402089
vt 0.030854 0.394491
vt 0.003954 0.394491
vt 0.030854 0.386895
vt 0.003954 0.386895
vt 0.030854 0.379297
vt 0.003954 0.379297
vt 0.030854 0.371700
vt 0.003954 0.371700
vt 0.030854 0.364103
vt 0.003954 0.364103
vt 0.030854 0.356506
vt 0.003954 0.356506
vt 0.030854 0.348909
vt 0.003954 0.348909
vt 0.030854 0.341312
vt 0.003954 0.341312
vt 0.030854 0.333715
vt 0.003954 0.333715
vt 0.040335 0.455842
vt 0.033303 0.455843
vt 0.033284 0.302696
vt 0.040316 0.302695
vt 0.047368 0.455841
vt 0.047349 0.302694
vt 0.054400 0.455841
vt 0.054382 0.302693
vt 0.061433 0.455840
vt 0.061414 0.302693
vt 0.068465 0.455839
vt 0.068447 0.302692
vt 0.075498 0.455838
vt 0.075479 0.302691
vt 0.082530 0.455837
vt 0.082512 0.302690
vt 0.089563 0.455836
vt 0.089544 0.302689
vt 0.096595 0.455835
vt 0.096577 0.302688
vt 0.118567 0.302686
vt 0.119545 0.455833
vt 0.914395 0.869724
vt 0.919985 0.887963
vt 0.909080 0.871451
vt 0.805533 0.582243
vt 0.792005 0.565497
vt 0.809100 0.577335
vt 0.904560 0.900000
vt 0.901275 0.895479
vt 0.899547 0.890163
vt 0.899547 0.884575
vt 0.901274 0.879259
vt 0.904558 0.874737
vt 0.919984 0.869724
vt 0.914398 0.905012
vt 0.919987 0.905011
vt 0.909082 0.903285
vt 0.778111 0.582241
vt 0.774545 0.577332
vt 0.772671 0.571562
vt 0.772671 0.565495
vt 0.810975 0.565498
vt 0.810975 0.571565
vt 0.800625 0.585808
vt 0.794855 0.587682
vt 0.788788 0.587682
vt 0.783018 0.585807
vt 0.140978 0.302683
vt 0.140997 0.455830
vt 0.964789 0.145163
vt 0.965415 0.145164
vt 0.965415 0.188542
vt 0.964789 0.188540
vt 0.964789 0.097055
vt 0.965415 0.097055
vt 0.964789 0.048684
vt 0.965415 0.048684
vt 0.964789 0.005615
vt 0.965416 0.005616
vt 0.965414 0.988186
vt 0.964788 0.988186
vt 0.964789 0.928874
vt 0.965415 0.928873
vt 0.965415 0.247583
vt 0.964789 0.247586
vt 0.932779 0.295115
vt 0.932187 0.295114
vt 0.932182 0.246271
vt 0.932774 0.246268
vt 0.932781 0.344059
vt 0.932189 0.344059
vt 0.932207 0.186948
vt 0.932799 0.186947
vt 0.932186 0.142645
vt 0.932778 0.142643
vt 0.932812 0.989299
vt 0.932220 0.989298
vt 0.932215 0.931004
vt 0.932806 0.931002
vt 0.932256 0.003479
vt 0.932846 0.003499
vt 0.932790 0.046644
vt 0.932198 0.046645
vt 0.932184 0.882170
vt 0.932776 0.882169
vt 0.932202 0.833272
vt 0.932794 0.833272
vt 0.932198 0.784333
vt 0.932789 0.784332
vt 0.932199 0.735414
vt 0.932791 0.735412
vt 0.932197 0.686490
vt 0.932789 0.686491
vt 0.932196 0.637570
vt 0.932788 0.637569
vt 0.932195 0.588648
vt 0.932787 0.588648
vt 0.932194 0.539728
vt 0.932786 0.539726
vt 0.932193 0.490805
vt 0.932785 0.490806
vt 0.932189 0.441880
vt 0.932781 0.441881
vt 0.932181 0.392975
vt 0.932773 0.392974
vt 0.964789 0.296137
vt 0.965415 0.296137
vt 0.965415 0.344875
vt 0.964789 0.344876
vt 0.964789 0.880006
vt 0.965415 0.880006
vt 0.964789 0.831283
vt 0.965415 0.831284
vt 0.964789 0.782607
vt 0.965415 0.782606
vt 0.964789 0.733950
vt 0.965415 0.733951
vt 0.964789 0.685313
vt 0.965415 0.685314
vt 0.964789 0.636690
vt 0.965415 0.636691
vt 0.964789 0.588084
vt 0.965415 0.588083
vt 0.964789 0.539476
vt 0.965415 0.539477
vt 0.964789 0.490855
vt 0.965415 0.490855
vt 0.964789 0.442218
vt 0.965415 0.442217
vt 0.964789 0.393561
vt 0.965415 0.393561
vt 0.932209 0.094482
vt 0.932801 0.094482
vt 0.608647 0.447228
vt 0.608697 0.447379
vt 0.593125 0.455376
vt 0.593031 0.455248
vt 0.625977 0.444426
vt 0.625978 0.444585
vt 0.580787 0.467794
vt 0.580652 0.467707
vt 0.575156 0.482680
vt 0.574999 0.482651
vt 0.966600 0.887748
vt 0.967045 0.887748
vt 0.967048 0.938867
vt 0.966600 0.938791
vt 0.967045 0.989059
vt 0.966600 0.989059
vt 0.966600 0.938867
vt 0.575111 0.518453
vt 0.575267 0.518424
vt 0.580998 0.533569
vt 0.580863 0.533656
vt 0.593416 0.545907
vt 0.593323 0.546036
vt 0.609038 0.553804
vt 0.608990 0.553956
vt 0.626337 0.556487
vt 0.626338 0.556646
vt 0.643618 0.553693
vt 0.643668 0.553844
vt 0.659190 0.545696
vt 0.659284 0.545824
vt 0.671528 0.533278
vt 0.671657 0.533371
vt 0.679426 0.517655
vt 0.679577 0.517704
vt 0.682109 0.500356
vt 0.682268 0.500356
vt 0.679314 0.483075
vt 0.679466 0.483026
vt 0.671317 0.467504
vt 0.671446 0.467410
vt 0.658899 0.455165
vt 0.658992 0.455036
vt 0.643277 0.447268
vt 0.643325 0.447117
vt 0.991304 0.743409
vt 0.991749 0.743480
vt 0.991749 0.792954
vt 0.991304 0.793025
vt 0.991749 0.743338
vt 0.991304 0.693793
vt 0.991749 0.693864
vt 0.991749 0.793095
vt 0.991749 0.842546
vt 0.991304 0.842641
vt 0.991749 0.842736
vt 0.991749 0.887667
vt 0.991304 0.887748
vt 0.894516 0.667074
vt 0.894414 0.666934
vt 0.908824 0.656461
vt 0.908948 0.656585
vt 0.919293 0.642048
vt 0.919433 0.642149
vt 0.991304 0.002893
vt 0.991749 0.002972
vt 0.991749 0.048691
vt 0.991304 0.048788
vt 0.991749 0.048884
vt 0.991749 0.098333
vt 0.991304 0.098404
vt 0.991749 0.098474
vt 0.991749 0.147949
vt 0.991304 0.148020
vt 0.991749 0.148090
vt 0.991749 0.197565
vt 0.991304 0.197635
vt 0.991749 0.197706
vt 0.991749 0.247181
vt 0.991304 0.247251
vt 0.991749 0.247322
vt 0.991749 0.296797
vt 0.991304 0.296867
vt 0.991749 0.296938
vt 0.991749 0.346412
vt 0.991304 0.346483
vt 0.991749 0.346553
vt 0.991749 0.396028
vt 0.991304 0.396099
vt 0.991749 0.396169
vt 0.991749 0.445644
vt 0.991304 0.445714
vt 0.991749 0.445785
vt 0.991749 0.495260
vt 0.991304 0.495330
vt 0.991749 0.495401
vt 0.991749 0.544876
vt 0.991304 0.544946
vt 0.991749 0.545017
vt 0.991749 0.594491
vt 0.991304 0.594562
vt 0.991749 0.594633
vt 0.991749 0.644107
vt 0.991304 0.644178
vt 0.991749 0.644248
vt 0.991749 0.693723
vt 0.993491 0.660732
vt 0.993435 0.614348
vt 0.999272 0.614348
vt 0.999272 0.660732
vt 0.993390 0.558137
vt 0.999272 0.558137
vt 0.993398 0.516801
vt 0.999272 0.516801
vt 0.993390 0.470981
vt 0.999272 0.470981
vt 0.993398 0.425160
vt 0.999272 0.425160
vt 0.993390 0.383825
vt 0.999272 0.383825
vt 0.993434 0.327611
vt 0.999272 0.327611
vt 0.993490 0.281225
vt 0.999272 0.281225
vt 0.993584 0.234840
vt 0.999272 0.234840
vt 0.993744 0.188454
vt 0.999272 0.188454
vt 0.994035 0.142065
vt 0.999272 0.142065
vt 0.994585 0.095673
vt 0.999272 0.095673
vt 0.995522 0.049282
vt 0.999272 0.049282
vt 0.996207 0.002908
vt 0.999272 0.002908
vt 0.996207 0.939049
vt 0.995522 0.892669
vt 0.999272 0.892669
vt 0.999272 0.939049
vt 0.994585 0.846276
vt 0.999272 0.846276
vt 0.994035 0.799885
vt 0.999272 0.799885
vt 0.993744 0.753498
vt 0.999272 0.753498
vt 0.993584 0.707115
vt 0.999272 0.707115
vt 0.591745 0.453603
vt 0.607930 0.445356
vt 0.574247 0.466419
vt 0.574247 0.482576
vt 0.574247 0.534653
vt 0.574247 0.518502
vt 0.591745 0.547469
vt 0.607930 0.555716
vt 0.625859 0.558556
vt 0.643788 0.555716
vt 0.659962 0.547475
vt 0.672798 0.534639
vt 0.681039 0.518465
vt 0.683879 0.500536
vt 0.681039 0.482607
vt 0.672798 0.466433
vt 0.659962 0.453597
vt 0.643788 0.445356
vt 0.625859 0.442517
vt 0.967045 0.793025
vt 0.967045 0.743409
vt 0.967045 0.842641
vt 0.967045 0.048788
vt 0.967045 0.002893
vt 0.967045 0.098404
vt 0.967045 0.148020
vt 0.967045 0.197635
vt 0.967045 0.247251
vt 0.967045 0.296867
vt 0.967045 0.346483
vt 0.967045 0.396099
vt 0.967045 0.445714
vt 0.967045 0.495330
vt 0.967045 0.544946
vt 0.967045 0.594562
vt 0.967045 0.644178
vt 0.967045 0.693793
vt 0.894427 0.565598
vt 0.868619 0.616267
vt 0.877506 0.560102
vt 0.859732 0.672432
vt 0.842811 0.666937
vt 0.828416 0.656482
vt 0.817957 0.642090
vt 0.812457 0.625171
vt 0.812454 0.607380
vt 0.817950 0.590459
vt 0.828405 0.576064
vt 0.842796 0.565605
vt 0.859716 0.560105
vt 0.908822 0.576053
vt 0.919281 0.590445
vt 0.924781 0.607364
vt 0.924784 0.625145
vt 0.877514 0.672429
vt 0.991304 0.938867
vt 0.991304 0.989059
vt 0.574246 0.500564
vt 0.574955 0.500689
s 1
usemtl Trolley_table_Dbin_mat
f 576/863/580 717/864/580 718/865/581 575/866/581
f 577/867/582 736/868/582 717/864/580 576/863/580
f 578/869/583 735/870/583 736/868/582 577/867/582
f 579/871/584 734/872/584 735/870/583 578/869/583
f 580/873/585 733/874/585 734/872/584 579/871/584
f 581/875/586 732/876/586 733/874/585 580/873/585
f 582/877/587 731/878/587 732/876/586 581/875/586
f 583/879/588 730/880/589 731/878/587 582/877/587
f 584/881/590 729/882/590 730/880/589 583/879/588
f 585/883/591 728/884/591 729/882/590 584/881/590
f 586/885/592 727/886/592 728/884/591 585/883/591
f 587/887/593 726/888/593 727/886/592 586/885/592
f 588/889/594 725/890/594 726/888/593 587/887/593
f 589/891/595 724/892/595 725/890/594 588/889/594
f 590/893/596 723/894/596 724/892/595 589/891/595
f 591/895/597 722/896/597 723/894/596 590/893/596
f 592/897/598 721/898/599 722/896/597 591/895/597
f 593/899/600 720/900/600 721/898/599 592/897/598
f 594/901/601 719/902/601 720/903/600 593/904/600
f 575/866/581 718/865/581 719/902/601 594/901/601
f 606/905/602 652/906/602 651/907/602 605/908/602
f 652/906/602 653/909/602 650/910/602 651/907/602
f 653/909/602 654/911/602 649/912/602 650/910/602
f 609/913/602 649/912/602 654/911/602 608/914/602
f 604/915/603 603/916/604 605/908/604 696/917/605
f 603/916/606 602/918/607 606/905/608 605/908/606
f 599/919/609 600/920/610 647/921/610 646/922/611
f 600/920/612 601/923/613 648/924/614 647/921/612
f 601/923/613 600/920/615 603/916/615 604/915/603
f 600/920/616 599/919/609 602/918/607 603/916/616
f 607/925/617 609/926/618 611/927/618 612/928/619
f 609/926/620 608/929/621 610/930/622 611/927/620
f 612/928/619 611/927/623 614/931/623 615/932/624
f 611/927/625 610/930/622 613/933/626 614/931/625
f 615/932/624 614/931/627 617/934/627 618/935/628
f 614/931/629 613/933/626 616/936/630 617/934/629
f 618/935/628 617/934/631 620/937/631 621/938/632
f 617/934/633 616/936/630 619/939/634 620/937/633
f 621/938/632 620/937/635 623/940/635 624/941/636
f 620/937/637 619/939/634 622/942/638 623/940/637
f 624/941/636 623/940/639 626/943/639 627/944/640
f 623/940/641 622/942/638 625/945/642 626/943/641
f 627/944/640 626/943/643 629/946/643 630/947/644
f 626/943/645 625/945/642 628/948/646 629/946/645
f 630/947/644 629/946/647 632/949/647 633/950/648
f 629/946/649 628/948/646 631/951/650 632/949/649
f 633/950/648 632/949/651 635/952/651 636/953/652
f 632/949/653 631/951/650 634/954/654 635/952/653
f 636/953/652 635/952/655 638/955/655 639/956/656
f 635/952/657 634/954/654 637/957/658 638/955/657
f 639/956/656 638/955/659 641/958/659 642/959/660
f 638/955/661 637/957/658 640/960/662 641/958/661
f 642/959/660 641/958/663 644/961/663 645/962/664
f 641/958/665 640/960/662 643/963/666 644/961/665
f 645/962/664 644/961/667 647/921/667 648/924/614
f 644/961/668 643/963/666 646/922/611 647/921/668
f 607/964/602 597/965/602 649/912/602 609/913/602
f 650/910/602 649/912/602 597/965/602 596/966/602
f 651/907/602 650/910/602 596/966/602 595/967/602
f 605/908/602 651/907/602 595/967/602 696/917/602
f 655/968/669 656/969/669 693/970/669 694/971/669
f 656/969/670 655/968/670 658/972/670 657/973/670
f 657/973/671 658/972/671 660/974/671 659/975/671
f 659/975/672 660/974/672 662/976/673 661/977/674
f 661/977/674 662/976/673 664/978/675 663/979/675
f 663/979/675 664/978/675 666/980/676 665/981/677
f 665/981/677 666/980/676 668/982/678 667/983/678
f 667/983/679 668/982/679 670/984/679 669/985/679
f 669/985/680 670/984/680 672/986/680 671/987/680
f 671/987/681 672/986/681 674/988/681 673/989/681
f 673/989/682 674/988/682 676/990/682 675/991/682
f 675/991/683 676/990/683 678/992/683 677/993/683
f 677/993/684 678/992/684 680/994/684 679/995/684
f 679/995/685 680/994/685 682/996/685 681/997/685
f 681/997/686 682/996/686 684/998/686 683/999/686
f 683/999/687 684/998/687 686/1000/687 685/1001/687
f 685/1001/688 686/1000/688 688/1002/688 687/1003/688
f 687/1003/689 688/1002/689 690/1004/689 689/1005/689
f 689/1005/690 690/1004/690 692/1006/690 691/1007/690
f 691/1007/691 692/1006/691 694/971/691 693/970/691
f 656/969/692 657/973/693 598/1008/694
f 657/973/693 659/975/695 598/1008/694
f 659/975/696 661/977/696 598/1008/697
f 661/977/696 663/979/696 598/1008/697
f 663/979/696 665/981/696 598/1008/697
f 665/981/696 667/983/698 598/1008/697
f 667/983/698 669/985/699 598/1008/697
f 669/985/699 671/987/700 598/1008/697
f 671/987/701 673/989/702 598/1008/694
f 673/989/702 675/991/703 598/1008/694
f 675/991/703 677/993/704 598/1008/694
f 677/993/704 679/995/705 598/1008/694
f 679/995/705 681/997/706 598/1008/694
f 681/997/706 683/999/707 598/1008/694
f 683/999/707 685/1001/708 598/1008/694
f 685/1001/708 687/1003/709 598/1008/694
f 687/1003/709 689/1005/710 598/1008/694
f 689/1005/710 691/1007/711 598/1008/694
f 691/1007/711 693/970/712 598/1008/694
f 693/970/712 656/969/692 598/1008/694
f 698/1009/581 697/1010/580 556/1011/580 555/1012/581
f 699/1013/601 698/1009/581 555/1012/581 574/1014/601
f 700/1015/600 699/1013/601 574/1014/601 573/1016/600
f 701/1017/713 700/1018/600 573/1019/600 572/1020/598
f 702/1021/597 701/1017/713 572/1020/598 571/1022/597
f 703/1023/596 702/1021/597 571/1022/597 570/1024/596
f 704/1025/595 703/1023/596 570/1024/596 569/1026/595
f 705/1027/594 704/1025/595 569/1026/595 568/1028/594
f 706/1029/593 705/1027/594 568/1028/594 567/1030/593
f 707/1031/592 706/1029/593 567/1030/593 566/1032/592
f 708/1033/591 707/1031/592 566/1032/592 565/1034/591
f 709/1035/590 708/1033/591 565/1034/591 564/1036/590
f 710/1037/714 709/1035/590 564/1036/590 563/1038/588
f 711/1039/587 710/1037/714 563/1038/588 562/1040/587
f 712/1041/586 711/1039/587 562/1040/587 561/1042/586
f 713/1043/585 712/1041/586 561/1042/586 560/1044/585
f 714/1045/584 713/1043/585 560/1044/585 559/1046/584
f 715/1047/583 714/1045/584 559/1046/584 558/1048/583
f 716/1049/582 715/1047/583 558/1048/583 557/1050/582
f 697/1010/580 716/1049/582 557/1050/582 556/1011/580
f 722/1051/597 721/1052/599 701/1053/713 702/1054/597
f 723/1055/596 722/1051/597 702/1054/597 703/1056/596
f 724/1057/595 723/1055/596 703/1056/596 704/1058/595
f 725/1059/594 724/1057/595 704/1058/595 705/1060/594
f 726/1061/593 725/1059/594 705/1060/594 706/1062/593
f 727/1063/592 726/1061/593 706/1062/593 707/1064/592
f 728/1065/591 727/1063/592 707/1064/592 708/1066/591
f 729/1067/590 728/1065/591 708/1066/591 709/1068/590
f 730/1069/589 729/1067/590 709/1068/590 710/1070/714
f 738/1071/715 737/1072/716 730/1069/717 710/1070/718
f 731/1073/719 737/1074/716 732/1075/719
f 713/1076/720 738/1077/715 712/1078/720
f 718/1079/719 717/1080/719 737/1074/716
f 737/1074/716 717/1080/719 736/1081/719
f 737/1074/716 736/1081/719 735/1082/719
f 737/1074/716 735/1082/719 734/1083/719
f 737/1074/716 734/1083/719 733/1084/719
f 737/1074/716 733/1084/719 732/1075/719
f 730/1085/717 737/1074/716 731/1073/719
f 720/1086/719 737/1074/716 721/1087/721
f 719/1088/719 737/1074/716 720/1086/719
f 718/1079/719 737/1074/716 719/1088/719
f 698/1089/720 699/1090/720 738/1077/715
f 738/1077/715 699/1090/720 700/1091/720
f 738/1077/715 700/1091/720 701/1092/722
f 738/1077/715 710/1093/718 711/1094/720
f 738/1077/715 711/1094/720 712/1078/720
f 714/1095/720 738/1077/715 713/1076/720
f 715/1096/720 738/1077/715 714/1095/720
f 716/1097/720 738/1077/715 715/1096/720
f 697/1098/720 738/1077/715 716/1097/720
f 698/1089/720 738/1077/715 697/1098/720
f 701/1099/722 721/1100/721 737/1072/716 738/1071/715
f 739/1101/723 740/1102/724 748/1103/723 747/1104/723
f 740/1102/724 739/1101/723 741/1105/725 742/1106/725
f 742/1106/725 741/1105/725 743/1107/726 744/1108/726
f 744/1108/726 743/1107/726 745/1109/727 746/1110/727
f 746/1111/728 745/1112/728 787/1113/729 788/1114/730
f 747/1104/731 748/1103/731 786/1115/732 785/1116/733
f 749/1117/734 750/1118/735 752/1119/736 751/1120/736
f 750/1118/735 749/1117/734 781/1121/737 782/1122/738
f 751/1120/736 752/1119/736 754/1123/739 753/1124/739
f 753/1124/740 754/1123/740 814/1125/741 813/1126/742
f 755/1127/743 756/1128/743 758/1129/744 757/1130/744
f 756/1131/745 755/1132/745 817/1133/746 818/1134/747
f 757/1130/744 758/1129/744 760/1135/748 759/1136/749
f 759/1136/749 760/1135/748 762/1137/750 761/1138/751
f 761/1138/751 762/1137/750 764/1139/752 763/1140/752
f 763/1140/752 764/1139/752 766/1141/753 765/1142/753
f 765/1142/753 766/1141/753 768/1143/754 767/1144/754
f 767/1144/754 768/1143/754 770/1145/755 769/1146/755
f 769/1146/755 770/1145/755 772/1147/756 771/1148/756
f 771/1148/756 772/1147/756 774/1149/757 773/1150/757
f 773/1150/757 774/1149/757 776/1151/758 775/1152/758
f 775/1152/758 776/1151/758 778/1153/759 777/1154/759
f 777/1154/759 778/1153/759 780/1155/760 779/1156/760
f 779/1156/760 780/1155/760 782/1122/738 781/1121/737
f 783/1157/761 784/1158/762 812/1159/763 811/1160/763
f 784/1158/762 783/1157/761 785/1116/733 786/1115/732
f 788/1114/730 787/1113/729 789/1161/764 790/1162/765
f 790/1162/765 789/1161/764 791/1163/766 792/1164/767
f 792/1164/767 791/1163/766 793/1165/768 794/1166/769
f 794/1166/769 793/1165/768 795/1167/770 796/1168/771
f 796/1168/771 795/1167/770 797/1169/772 798/1170/773
f 798/1170/773 797/1169/772 799/1171/774 800/1172/775
f 800/1172/775 799/1171/774 801/1173/776 802/1174/776
f 802/1174/776 801/1173/776 803/1175/777 804/1176/778
f 804/1176/778 803/1175/777 805/1177/779 806/1178/780
f 806/1178/780 805/1177/779 807/1179/781 808/1180/782
f 808/1180/782 807/1179/781 809/1181/783 810/1182/784
f 810/1182/784 809/1181/783 811/1160/763 812/1159/763
f 813/1126/742 814/1125/741 816/1183/785 815/1184/786
f 815/1184/786 816/1183/785 818/1134/747 817/1133/746
f 819/1185/787 820/1186/787 822/1187/788 821/1188/788
f 820/1186/787 819/1185/787 855/1189/789 856/1190/789
f 821/1188/788 822/1187/788 824/1191/790 823/1192/790
f 823/1192/790 824/1191/790 826/1193/791 825/1194/791
f 825/1195/791 826/1196/791 897/1197/792 898/1198/793
f 827/1199/794 828/1200/794 898/1201/793 897/1197/792
f 828/1202/794 827/1203/794 830/1204/795 829/1205/796
f 829/1205/796 830/1204/795 832/1206/797 831/1207/797
f 831/1207/797 832/1206/797 834/1208/798 833/1209/798
f 833/1209/798 834/1208/798 836/1210/799 835/1211/799
f 835/1211/799 836/1210/799 838/1212/800 837/1213/800
f 837/1213/800 838/1212/800 840/1214/801 839/1215/801
f 839/1215/801 840/1214/801 842/1216/802 841/1217/803
f 841/1217/803 842/1216/802 844/1218/804 843/1219/804
f 843/1219/804 844/1218/804 846/1220/805 845/1221/805
f 845/1221/805 846/1220/805 848/1222/806 847/1223/806
f 847/1223/806 848/1222/806 850/1224/807 849/1225/807
f 849/1225/807 850/1224/807 852/1226/808 851/1227/808
f 851/1227/808 852/1226/808 854/1228/809 853/1229/809
f 853/1229/809 854/1228/809 856/1190/789 855/1189/789
f 857/1230/810 858/1231/810 860/1232/788 859/1233/811
f 858/1234/810 857/1230/810 893/1235/789 894/1236/789
f 859/1233/811 860/1237/788 862/1238/812 861/1239/812
f 861/1239/812 862/1240/812 864/1241/813 863/1242/813
f 863/1243/813 864/1244/813 895/1245/814 896/1246/814
f 865/1247/815 866/1248/815 896/1246/814 895/1245/814
f 866/1249/815 865/1250/815 868/1251/816 867/1252/816
f 867/1252/816 868/1253/816 870/1254/797 869/1255/797
f 869/1255/797 870/1256/797 872/1257/798 871/1258/798
f 871/1258/798 872/1259/798 874/1260/799 873/1261/817
f 873/1261/817 874/1262/799 876/1263/818 875/1264/818
f 875/1264/818 876/1265/818 878/1266/819 877/1267/819
f 877/1267/819 878/1268/819 880/1269/802 879/1270/802
f 879/1270/802 880/1271/802 882/1272/820 881/1273/820
f 881/1273/820 882/1274/820 884/1275/805 883/1276/805
f 883/1276/805 884/1277/805 886/1278/821 885/1279/821
f 885/1279/821 886/1280/821 888/1281/822 887/1282/822
f 887/1282/822 888/1283/822 890/1284/808 889/1285/808
f 889/1285/808 890/1286/808 892/1287/809 891/1288/809
f 891/1288/809 892/1289/809 894/1290/789 893/1235/789
f 595/967/823 596/966/592 741/1105/592 739/1101/592
f 596/966/592 597/965/592 743/1107/592 741/1105/592
f 597/965/592 607/964/617 745/1109/592 743/1107/592
f 696/917/605 595/967/823 739/1101/592 747/1104/823
f 749/1117/824 751/1120/825 602/918/607 599/919/609
f 751/1120/825 753/1124/826 606/905/608 602/918/607
f 755/1127/827 757/1130/828 610/930/622 608/929/621
f 757/1130/828 759/1136/829 613/933/626 610/930/622
f 759/1136/829 761/1138/719 616/936/630 613/933/626
f 761/1138/719 763/1140/830 619/939/634 616/936/630
f 763/1140/830 765/1142/831 622/942/638 619/939/634
f 765/1142/831 767/1144/832 625/945/642 622/942/638
f 767/1144/832 769/1146/833 628/948/646 625/945/642
f 769/1146/833 771/1148/586 631/951/650 628/948/646
f 771/1148/586 773/1150/834 634/954/654 631/951/650
f 773/1150/834 775/1152/835 637/957/658 634/954/654
f 775/1152/835 777/1154/836 640/960/662 637/957/658
f 777/1154/836 779/1156/837 643/963/666 640/960/662
f 779/1156/837 781/1121/720 646/922/611 643/963/666
f 781/1121/720 749/1117/824 599/919/609 646/922/611
f 601/923/613 604/915/603 785/1116/823 783/1157/823
f 604/915/603 696/917/605 747/1104/823 785/1116/823
f 607/925/617 612/928/619 787/1113/823 745/1112/592
f 612/928/619 615/932/624 789/1161/823 787/1113/823
f 615/932/624 618/935/628 791/1163/823 789/1161/823
f 618/935/628 621/938/632 793/1165/592 791/1163/823
f 621/938/632 624/941/636 795/1167/592 793/1165/592
f 624/941/636 627/944/640 797/1169/592 795/1167/592
f 627/944/640 630/947/644 799/1171/823 797/1169/592
f 630/947/644 633/950/648 801/1173/823 799/1171/823
f 633/950/648 636/953/652 803/1175/823 801/1173/823
f 636/953/652 639/956/656 805/1177/592 803/1175/823
f 639/956/656 642/959/660 807/1179/592 805/1177/592
f 642/959/660 645/962/664 809/1181/823 807/1179/592
f 645/962/664 648/924/614 811/1160/823 809/1181/823
f 648/924/614 601/923/613 783/1157/823 811/1160/823
f 606/905/602 753/1124/602 813/1126/602 652/906/602
f 813/1126/602 815/1184/602 653/909/602 652/906/602
f 815/1184/602 817/1133/602 654/911/602 653/909/602
f 608/914/602 654/911/602 817/1133/602 755/1132/602
f 784/1291/838 786/1292/839 658/1293/840 655/1294/841
f 786/1292/839 748/1295/842 660/1296/842 658/1293/840
f 748/1295/843 740/1297/843 662/1298/843 660/1296/843
f 740/1297/843 742/1299/843 664/1300/843 662/1298/843
f 742/1299/843 744/1301/843 666/1302/843 664/1300/843
f 744/1301/843 746/1303/843 668/1304/843 666/1302/843
f 746/1303/844 788/1305/845 670/1306/846 668/1304/844
f 788/1305/845 790/1307/847 672/1308/848 670/1306/846
f 790/1307/847 792/1309/849 674/1310/850 672/1308/848
f 792/1309/849 794/1311/851 676/1312/852 674/1310/850
f 794/1311/851 796/1313/853 678/1314/854 676/1312/852
f 796/1313/853 798/1315/855 680/1316/856 678/1314/854
f 798/1315/855 800/1317/857 682/1318/858 680/1316/856
f 800/1317/857 802/1319/859 684/1320/859 682/1318/858
f 802/1321/859 804/1322/860 686/1323/861 684/1324/859
f 804/1322/860 806/1325/862 688/1326/863 686/1323/861
f 806/1325/862 808/1327/864 690/1328/865 688/1326/863
f 808/1327/864 810/1329/866 692/1330/867 690/1328/865
f 810/1329/866 812/1331/868 694/1332/869 692/1330/867
f 812/1331/868 784/1291/838 655/1294/841 694/1332/869
f 752/1333/580 750/1334/580 819/1185/580 821/1188/580
f 754/1335/580 752/1333/580 821/1188/580 823/1192/580
f 814/1336/870 754/1335/580 823/1192/580 825/1194/871
f 756/1337/580 818/1338/872 828/1202/871 829/1205/580
f 758/1339/580 756/1337/580 829/1205/580 831/1207/580
f 760/1340/580 758/1339/580 831/1207/580 833/1209/580
f 762/1341/580 760/1340/580 833/1209/580 835/1211/580
f 764/1342/873 762/1341/580 835/1211/580 837/1213/873
f 766/1343/873 764/1342/873 837/1213/873 839/1215/873
f 768/1344/873 766/1343/873 839/1215/873 841/1217/873
f 770/1345/873 768/1344/873 841/1217/873 843/1219/873
f 772/1346/873 770/1345/873 843/1219/873 845/1221/873
f 774/1347/873 772/1346/873 845/1221/873 847/1223/873
f 776/1348/873 774/1347/873 847/1223/873 849/1225/873
f 778/1349/873 776/1348/873 849/1225/873 851/1227/873
f 780/1350/873 778/1349/873 851/1227/873 853/1229/873
f 782/1351/580 780/1350/873 853/1229/873 855/1189/580
f 750/1334/580 782/1351/580 855/1189/580 819/1185/580
f 822/1352/874 820/1353/875 857/1230/875 859/1233/874
f 824/1354/876 822/1352/874 859/1233/874 861/1239/876
f 826/1196/877 824/1354/876 861/1239/876 863/1242/877
f 830/1355/878 827/1356/879 866/1249/879 867/1252/878
f 832/1357/880 830/1355/878 867/1252/878 869/1255/880
f 834/1358/881 832/1357/880 869/1255/880 871/1258/881
f 836/1359/882 834/1358/881 871/1258/881 873/1261/882
f 838/1360/883 836/1359/882 873/1261/882 875/1264/883
f 840/1361/884 838/1360/883 875/1264/883 877/1267/884
f 842/1362/885 840/1361/884 877/1267/884 879/1270/885
f 844/1363/886 842/1362/885 879/1270/885 881/1273/886
f 846/1364/887 844/1363/886 881/1273/886 883/1276/887
f 848/1365/888 846/1364/887 883/1276/887 885/1279/888
f 850/1366/889 848/1365/888 885/1279/888 887/1282/889
f 852/1367/890 850/1366/889 887/1282/889 889/1285/890
f 854/1368/891 852/1367/890 889/1285/890 891/1288/891
f 856/1369/892 854/1368/891 891/1288/891 893/1235/892
f 820/1353/875 856/1369/892 893/1235/892 857/1230/875
f 876/1370/580 695/1371/580 878/1372/580
f 860/1373/580 858/1374/580 695/1371/580
f 695/1371/580 858/1374/580 894/1375/580
f 695/1371/580 894/1375/580 892/1376/580
f 695/1371/580 892/1376/580 890/1377/580
f 695/1371/580 890/1377/580 888/1378/580
f 695/1371/580 888/1378/580 886/1379/580
f 695/1371/580 886/1379/580 884/1380/580
f 695/1371/580 884/1380/580 882/1381/580
f 695/1371/580 882/1381/580 880/1382/580
f 695/1371/580 880/1382/580 878/1372/580
f 874/1383/580 695/1371/580 876/1370/580
f 872/1384/580 695/1371/580 874/1383/580
f 870/1385/580 695/1371/580 872/1384/580
f 868/1386/580 695/1371/580 870/1385/580
f 865/1247/580 695/1371/580 868/1386/580
f 895/1245/580 695/1371/580 865/1247/580
f 864/1244/580 695/1371/580 895/1245/580
f 862/1387/580 695/1371/580 864/1244/580
f 860/1373/580 695/1371/580 862/1387/580
f 863/1242/877 896/1388/893 897/1197/893 826/1196/877
f 896/1388/893 866/1389/879 827/1199/879 897/1197/893
f 818/1338/872 816/1390/894 898/1391/894 828/1202/871
f 816/1390/894 814/1336/870 825/1194/871 898/1391/894
o Dustbin_pedal
v 3.711479 2.985208 -22.493315
v 3.711479 2.985208 -12.469511
v -3.803811 2.985208 -12.469511
v -3.803811 2.985208 -22.493315
v -3.654305 4.617224 -30.046339
v 3.561988 4.617224 -30.046339
v -5.912362 4.541702 -29.498129
v -5.750283 4.595103 -29.885771
v -5.358986 4.617224 -30.046339
v 5.266838 4.617224 -30.046339
v 5.658012 4.595103 -29.885771
v 5.820213 4.541702 -29.498129
v -5.359002 2.980870 -22.493315
v -5.750237 3.013163 -22.651541
v -5.912362 3.097209 -23.033377
v 5.266868 2.980870 -22.493315
v 5.657981 3.013163 -22.651541
v 5.820213 3.097209 -23.033377
v 3.592460 4.877031 -12.469511
v 3.676628 4.832872 -12.469511
v 3.711479 4.726268 -12.469511
v -3.684731 4.877031 -12.469511
v -3.768883 4.832872 -12.469511
v -3.803811 4.726268 -12.469511
v 3.711479 4.726267 -22.493315
v 3.676628 4.832872 -22.537474
v 3.592460 4.877031 -22.644072
v -3.803811 4.726267 -22.493315
v -3.768883 4.832872 -22.537474
v -3.684731 4.877031 -22.644072
v -3.654305 4.726267 -30.046339
v -3.654305 4.832871 -30.002180
v -3.654305 4.877030 -29.895567
v 3.561988 4.726267 -30.046339
v 3.561988 4.832871 -30.002180
v 3.561988 4.877030 -29.895567
v -5.365090 4.726167 -22.493315
v -5.356652 4.832838 -22.537504
v -5.335595 4.877031 -22.644178
v -5.331505 4.877030 -29.895285
v -5.352334 4.832814 -30.002081
v -5.360146 4.726123 -30.046339
v 5.243385 4.877031 -22.644178
v 5.264518 4.832838 -22.537504
v 5.272941 4.726167 -22.493315
v 5.267936 4.726123 -30.046339
v 5.260200 4.832814 -30.002081
v 5.239372 4.877030 -29.895285
v -5.635552 4.877030 -29.769529
v -5.717095 4.832871 -29.851301
v -5.750649 4.726267 -29.885412
v -5.912362 4.726379 -29.496702
v -5.868279 4.832919 -29.487104
v -5.761895 4.877030 -29.465590
v 5.543525 4.877030 -29.769705
v 5.624946 4.832871 -29.851355
v 5.658363 4.726267 -29.885412
v 5.820213 4.726379 -29.496702
v 5.776084 4.832919 -29.487089
v 5.669456 4.877030 -29.465528
v -5.912362 4.726267 -23.039495
v -5.868203 4.832880 -23.048674
v -5.761666 4.877031 -23.070051
v 5.820213 4.726375 -23.039495
v 5.776100 4.832912 -23.048674
v 5.669563 4.877031 -23.070036
v -5.636925 4.877031 -22.768812
v -5.718392 4.832885 -22.687193
v -5.752068 4.726308 -22.653303
v 5.544624 4.877031 -22.768873
v 5.626197 4.832860 -22.687216
v 5.659828 4.726223 -22.653303
v 4.713295 1.863614 -22.493315
v 4.713295 1.725780 -22.564299
v 4.713295 1.703540 -22.717741
v -4.805626 1.863614 -22.493315
v -4.805626 1.725780 -22.564299
v -4.805626 1.703540 -22.717741
v 3.561988 4.396815 -30.046339
v 3.561988 4.258980 -30.002211
v 3.561988 4.172383 -29.886267
v -3.654305 4.396815 -30.046339
v -3.654305 4.258980 -30.002211
v -3.654305 4.172383 -29.886267
v -5.316521 1.702559 -22.714895
v -5.349740 1.724836 -22.563292
v -5.364464 1.862108 -22.493315
v -5.326119 4.172383 -29.886267
v -5.351479 4.259378 -30.002157
v -5.360466 4.398099 -30.046339
v 5.223747 1.703541 -22.717741
v 5.257362 1.725149 -22.564192
v 5.272331 1.862108 -22.493315
v 5.233421 4.171546 -29.883833
v 5.259178 4.259147 -30.001478
v 5.268287 4.398101 -30.046339
v -5.617730 4.130230 -29.763868
v -5.713555 4.210958 -29.851126
v -5.750725 4.352753 -29.885328
v -5.912362 4.237163 -29.496557
v -5.855752 4.092000 -29.485716
v -5.716652 4.025779 -29.460585
v 5.512489 4.126154 -29.752028
v 5.617637 4.209805 -29.847815
v 5.658439 4.352750 -29.885328
v 5.820213 4.237161 -29.496557
v 5.767097 4.092210 -29.486334
v 5.636604 4.026515 -29.462721
v -5.912362 2.026076 -23.038954
v -5.850655 1.881085 -23.050749
v -5.704262 1.827345 -23.077215
v 5.820213 2.026077 -23.038954
v 5.762199 1.880862 -23.050100
v 5.624565 1.826586 -23.075010
v -5.586434 1.733288 -22.804113
v -5.701012 1.766626 -22.699797
v -5.751885 1.906010 -22.653135
v 5.659629 1.906013 -22.653135
v 5.608802 1.766626 -22.699797
v 5.494239 1.733289 -22.804121
vn -0.0000 -1.0000 -0.0000
vn -0.9998 0.0191 -0.0000
vn -0.7838 0.6210 -0.0000
vn -0.6899 0.7239 -0.0000
vn -0.9997 0.0232 -0.0000
vn -0.0061 1.0000 -0.0000
vn -0.0015 1.0000 -0.0000
vn -0.0000 0.9291 0.3699
vn -0.0000 0.7835 0.6214
vn 0.0561 0.6864 0.7251
vn 0.0159 0.9741 0.2254
vn -0.0000 0.0284 0.9996
vn 0.0811 0.0232 0.9964
vn -0.0000 1.0000 -0.0060
vn -0.0000 0.7068 -0.7074
vn -0.0538 0.6826 -0.7288
vn -0.0156 0.9739 -0.2264
vn -0.0000 0.2006 -0.9797
vn -0.0775 0.1961 -0.9775
vn 0.9123 0.1521 -0.3802
vn 0.5279 0.6646 -0.5288
vn 0.7322 0.6809 -0.0163
vn 0.9990 0.0432 -0.0063
vn 0.0518 0.9973 -0.0519
vn 0.0196 0.9998 -0.0004
vn -0.0195 0.9998 0.0004
vn -0.7321 0.6810 0.0163
vn -0.5281 0.6646 0.5285
vn -0.0525 0.9972 0.0525
vn -0.9984 0.0399 0.0395
vn -0.9219 0.0223 0.3868
vn 0.0015 1.0000 -0.0000
vn 0.0061 1.0000 -0.0000
vn 1.0000 -0.0000 -0.0000
vn 0.9997 0.0232 -0.0000
vn 0.9998 0.0190 -0.0000
vn -1.0000 -0.0000 -0.0000
vn -0.0000 -0.0000 -1.0000
vn -0.0793 -0.0000 -0.9969
vn -0.3804 -0.0001 -0.9248
vn -0.3747 0.1773 -0.9100
vn -0.9230 0.0003 -0.3849
vn -1.0000 -0.0000 -0.0068
vn -0.9990 0.0432 -0.0063
vn -0.9124 0.1522 -0.3800
vn 1.0000 -0.0000 -0.0068
vn 0.9228 0.0003 -0.3852
vn 0.3805 -0.0001 -0.9248
vn 0.0793 -0.0000 -0.9968
vn 0.0775 0.1961 -0.9775
vn 0.3748 0.1772 -0.9100
vn -0.9992 -0.0000 0.0411
vn -0.9220 -0.0001 0.3872
vn -0.3783 0.0001 0.9257
vn -0.0890 -0.0000 0.9960
vn -0.0811 0.0232 0.9964
vn -0.3798 0.0208 0.9248
vn -0.0000 -0.0000 1.0000
vn 0.0890 -0.0000 0.9960
vn 0.9984 0.0399 0.0395
vn 0.9992 -0.0000 0.0411
vn -0.0159 0.9741 0.2254
vn 0.0155 0.9739 -0.2266
vn 0.3784 0.0001 0.9256
vn 0.3787 0.0208 0.9253
vn 0.9219 -0.0001 0.3874
vn 0.9224 0.0223 0.3857
vn -0.0196 0.9998 -0.0004
vn -0.0518 0.9973 -0.0519
vn 0.0195 0.9998 0.0004
vn 0.0525 0.9972 0.0525
vn 0.7840 0.6208 -0.0000
vn 0.6900 0.7238 -0.0000
vn -0.0000 0.7835 0.6213
vn -0.0560 0.6864 0.7251
vn -0.0000 0.7072 -0.7070
vn 0.0537 0.6826 -0.7288
vn -0.5277 0.6648 -0.5287
vn 0.5281 0.6646 0.5286
vn -0.7325 0.6805 -0.0163
vn 0.7318 0.6814 0.0163
vn -0.0000 -0.9489 -0.3156
vn 0.0001 -0.8137 0.5813
vn -0.1261 -0.7735 0.6211
vn -0.0434 -0.9986 0.0296
vn -0.0000 -0.0865 0.9963
vn -0.1100 -0.0367 0.9932
vn -0.0000 -0.9438 -0.3304
vn 0.0001 -0.5807 -0.8141
vn 0.0518 -0.5598 -0.8270
vn 0.0162 -0.8664 -0.4990
vn -0.0000 -0.1224 -0.9925
vn 0.0772 -0.1196 -0.9898
vn 0.1100 -0.0369 0.9932
vn 0.1257 -0.7762 0.6179
vn 0.5657 -0.7197 0.4026
vn 0.3813 -0.0396 0.9236
vn 0.0437 -0.9986 0.0313
vn 0.1260 -0.9757 -0.1795
vn -0.9101 -0.0903 -0.4044
vn -0.5191 -0.5585 -0.6470
vn -0.7488 -0.6233 -0.2252
vn -0.9984 -0.0501 -0.0266
vn -0.0611 -0.9270 -0.3700
vn -0.0356 -0.9448 -0.3258
vn -0.0000 -0.1223 -0.9925
vn -0.0000 -0.0865 0.9962
vn -0.0770 -0.1178 -0.9901
vn -0.3658 -0.1206 -0.9228
vn 0.9985 -0.0474 -0.0258
vn 0.9089 -0.0909 -0.4070
vn 0.3665 -0.1263 -0.9218
vn 0.9266 -0.0606 0.3712
vn 0.9964 -0.0837 0.0152
vn -0.9960 -0.0887 0.0135
vn -0.0154 -0.8634 -0.5042
vn -0.9270 -0.0624 0.3698
vn -0.3813 -0.0394 0.9236
vn 0.0357 -0.9447 -0.3259
vn 0.0292 -0.9454 -0.3247
vn -0.0294 -0.9454 -0.3247
vn -0.1279 -0.9749 -0.1823
vn 0.0588 -0.9271 -0.3701
vn -0.0000 -0.8138 0.5811
vn -0.0001 -0.5803 -0.8144
vn -0.5657 -0.7236 0.3955
vn -0.0510 -0.5552 -0.8302
vn 0.5099 -0.5675 -0.6465
vn -0.6830 -0.6968 -0.2189
vn 0.7679 -0.6020 -0.2188
vn 0.7036 -0.6783 -0.2116
vt 0.193830 0.444276
vt 0.193830 0.377504
vt 0.243892 0.377504
vt 0.243892 0.444276
vt 0.664444 0.380349
vt 0.663988 0.380349
vt 0.663988 0.337285
vt 0.664444 0.337473
vt 0.663628 0.380348
vt 0.663628 0.336829
vt 0.671529 0.201225
vt 0.669294 0.204055
vt 0.627142 0.204055
vt 0.627703 0.201223
vt 0.288654 0.400401
vt 0.288419 0.401119
vt 0.277916 0.401119
vt 0.277973 0.400402
vt 0.863903 0.008726
vt 0.863903 0.005895
vt 0.908979 0.005899
vt 0.908427 0.008734
vt 0.266128 0.451925
vt 0.266128 0.451093
vt 0.279442 0.451092
vt 0.279381 0.451924
vt 0.515707 0.369514
vt 0.516003 0.368587
vt 0.519172 0.368586
vt 0.519089 0.369513
vt 0.617574 0.009899
vt 0.619735 0.012067
vt 0.616392 0.020142
vt 0.613562 0.019570
vt 0.919846 0.189918
vt 0.922673 0.190485
vt 0.918696 0.200081
vt 0.916534 0.197914
vt 0.271664 0.379525
vt 0.270736 0.379445
vt 0.270736 0.376084
vt 0.271664 0.376379
vt 0.632502 0.336829
vt 0.632502 0.380348
vt 0.864710 0.201225
vt 0.672338 0.008726
vt 0.624239 0.380349
vt 0.624239 0.337473
vt 0.631686 0.337473
vt 0.631686 0.380349
vt 0.671892 0.337473
vt 0.671891 0.380349
vt 0.209805 0.450242
vt 0.266128 0.450242
vt 0.209805 0.451093
vt 0.279433 0.450242
vt 0.282487 0.450069
vt 0.282490 0.451093
vt 0.269594 0.439027
vt 0.269129 0.435653
vt 0.270737 0.435641
vt 0.270736 0.439024
vt 0.519076 0.371120
vt 0.515704 0.370655
vt 0.193445 0.450069
vt 0.196498 0.450242
vt 0.196490 0.451092
vt 0.193443 0.451093
vt 0.256558 0.379391
vt 0.255827 0.376069
vt 0.352064 0.412642
vt 0.349433 0.412859
vt 0.349474 0.401119
vt 0.352077 0.401118
vt 0.338971 0.412830
vt 0.338971 0.401119
vt 0.288419 0.412830
vt 0.277957 0.412859
vt 0.575265 0.369513
vt 0.575319 0.383686
vt 0.908535 0.201223
vt 0.627809 0.008734
vt 0.275326 0.412642
vt 0.275313 0.401119
vt 0.578640 0.384418
vt 0.578625 0.369514
vt 0.919852 0.020140
vt 0.916497 0.012072
vt 0.616390 0.189918
vt 0.619706 0.197913
vt 0.632142 0.380349
vt 0.632142 0.337285
vt 0.338737 0.400401
vt 0.349417 0.400402
vt 0.866944 0.204055
vt 0.909094 0.204055
vt 0.209805 0.451925
vt 0.672338 0.005895
vt 0.196550 0.451924
vt 0.627257 0.005899
vt 0.918663 0.009901
vt 0.282228 0.451925
vt 0.617541 0.200080
vt 0.275540 0.400401
vt 0.922675 0.019569
vt 0.271664 0.438727
vt 0.271664 0.435557
vt 0.193704 0.451925
vt 0.575185 0.368586
vt 0.613561 0.190485
vt 0.351850 0.400401
vt 0.578330 0.368587
vt 0.351990 0.347993
vt 0.351990 0.346940
vt 0.355724 0.346933
vt 0.355496 0.347973
vt 0.345710 0.421302
vt 0.345710 0.420374
vt 0.349469 0.420385
vt 0.349370 0.421308
vt 0.294560 0.397193
vt 0.294560 0.397988
vt 0.282912 0.397983
vt 0.283089 0.397176
vt 0.209805 0.447446
vt 0.209805 0.448521
vt 0.196487 0.448531
vt 0.196558 0.447447
vt 0.277920 0.420385
vt 0.278021 0.421306
vt 0.275657 0.421027
vt 0.275315 0.420089
vt 0.282925 0.346939
vt 0.283155 0.347993
vt 0.281299 0.348586
vt 0.280513 0.347870
vt 0.267485 0.439023
vt 0.266251 0.438726
vt 0.265216 0.435545
vt 0.266479 0.435640
vt 0.358221 0.396951
vt 0.357563 0.396353
vt 0.358242 0.394271
vt 0.359197 0.394443
vt 0.266128 0.448521
vt 0.286659 0.347993
vt 0.344088 0.397193
vt 0.281680 0.420374
vt 0.279445 0.448531
vt 0.282491 0.448177
vt 0.519090 0.373769
vt 0.515708 0.372764
vt 0.193442 0.448177
vt 0.578627 0.394050
vt 0.575270 0.393005
vt 0.247236 0.379440
vt 0.355562 0.397193
vt 0.246192 0.376083
vt 0.352075 0.420089
vt 0.280322 0.394286
vt 0.280404 0.350445
vt 0.358157 0.350460
vt 0.357349 0.348586
vt 0.281174 0.396271
vt 0.286659 0.346940
vt 0.281680 0.421302
vt 0.266128 0.447446
vt 0.344088 0.397988
vt 0.358135 0.347870
vt 0.351733 0.421027
vt 0.279375 0.447449
vt 0.355736 0.397988
vt 0.280452 0.396929
vt 0.193761 0.447062
vt 0.282200 0.447071
vt 0.245975 0.379543
vt 0.359162 0.350278
vt 0.279426 0.394448
vt 0.516034 0.374007
vt 0.519179 0.375030
vt 0.279460 0.350274
vt 0.575173 0.394269
vt 0.244979 0.376488
vt 0.578220 0.395262
s 1
usemtl Trolley_table_Dbin_mat
f 899/1392/895 900/1393/895 901/1394/895 902/1395/895
f 922/1396/896 921/1397/897 927/1398/898 926/1399/899
f 921/1397/897 920/1400/900 928/1401/901 927/1398/898
f 925/1402/902 924/1403/903 942/1404/904 941/1405/905
f 924/1406/903 923/1407/906 943/1408/907 942/1409/904
f 931/1410/908 930/1411/909 939/1412/910 938/1413/911
f 930/1414/909 929/1415/912 940/1416/913 939/1417/910
f 955/1418/914 954/1419/915 957/1420/916 956/1421/917
f 954/1422/915 953/1423/918 958/1424/919 957/1425/916
f 961/1426/920 960/1427/921 966/1428/922 965/1429/923
f 960/1430/921 959/1431/924 967/1432/925 966/1433/922
f 925/1434/926 928/1401/901 920/1400/900 917/1435/927
f 928/1436/901 925/1402/926 934/1437/908 931/1410/908
f 900/1438/928 899/1439/928 923/1440/929 919/1441/930
f 902/1442/931 901/1443/931 922/1396/896 926/1399/899
f 904/1444/932 903/1445/932 929/1415/912 932/1446/912
f 907/1447/933 906/1448/934 949/1449/935 940/1416/913
f 906/1450/936 905/1451/937 950/1452/938 949/1453/939
f 910/1454/940 909/1455/941 955/1418/914 956/1421/917
f 909/1456/942 908/1457/943 944/1458/944 955/1459/945
f 929/1415/912 903/1445/932 907/1447/933 940/1416/913
f 908/1457/943 904/1444/932 932/1446/912 944/1458/944
f 913/1460/946 912/1461/947 967/1432/925 959/1431/924
f 912/1462/948 911/1463/949 935/1464/950 967/1465/951
f 911/1463/949 902/1466/952 926/1467/906 935/1464/950
f 923/1407/906 899/1468/952 914/1469/953 943/1408/907
f 905/1451/937 913/1460/946 959/1431/924 950/1452/938
f 962/1470/954 916/1471/955 910/1454/940 956/1421/917
f 965/1429/923 937/1472/956 928/1436/902
f 934/1437/908 953/1423/918 946/1473/957
f 914/1469/953 915/1474/958 970/1475/959 943/1408/907
f 915/1476/960 916/1471/955 962/1470/954 970/1477/961
f 952/1478/962 931/1410/908 947/1479/963
f 925/1402/926 964/1480/964 958/1424/919 934/1437/908
f 968/1481/965 964/1480/964 925/1402/926
f 961/1426/920 928/1436/901 931/1410/908 952/1478/962
f 917/1435/927 918/1482/966 924/1483/967 925/1434/926
f 918/1482/966 919/1441/930 923/1440/929 924/1483/967
f 926/1467/906 927/1484/968 936/1485/969 935/1464/950
f 927/1486/968 928/1436/902 937/1472/956 936/1487/969
f 929/1415/912 930/1414/909 933/1488/970 932/1446/912
f 930/1411/909 931/1410/908 934/1437/908 933/1489/970
f 932/1446/912 933/1488/970 945/1490/971 944/1458/944
f 933/1489/970 934/1437/908 946/1473/957 945/1491/971
f 938/1413/911 939/1412/910 948/1492/972 947/1479/963
f 939/1417/910 940/1416/913 949/1449/935 948/1493/972
f 941/1405/905 942/1404/904 969/1494/973 968/1481/965
f 942/1409/904 943/1408/907 970/1475/959 969/1495/973
f 947/1479/963 948/1492/972 951/1496/974 952/1478/962
f 948/1497/972 949/1453/939 950/1452/938 951/1498/974
f 944/1458/944 945/1490/971 954/1499/915 955/1459/945
f 945/1491/971 946/1473/957 953/1423/918 954/1422/915
f 956/1421/917 957/1420/916 963/1500/975 962/1470/954
f 957/1425/916 958/1424/919 964/1480/964 963/1501/975
f 952/1478/962 951/1496/974 960/1427/921 961/1426/920
f 951/1498/974 950/1452/938 959/1431/924 960/1430/921
f 935/1464/950 936/1485/969 966/1502/922 967/1465/951
f 936/1487/969 937/1472/956 965/1429/923 966/1428/922
f 962/1470/954 963/1500/975 969/1503/973 970/1477/961
f 963/1501/975 964/1480/964 968/1481/965 969/1494/973
f 976/1504/976 975/1505/977 984/1506/978 983/1507/979
f 975/1508/977 974/1509/980 985/1510/981 984/1511/978
f 979/1512/982 978/1513/983 993/1514/984 992/1515/985
f 978/1516/983 977/1517/986 994/1518/987 993/1519/984
f 991/1520/988 990/1521/989 1017/1522/990 1016/1523/991
f 990/1524/989 989/1525/992 1018/1526/993 1017/1527/990
f 997/1528/994 996/1529/995 999/1530/996 998/1531/997
f 996/1532/995 995/1533/998 1000/1534/999 999/1535/996
f 977/1517/986 980/1536/1000 903/1445/932 904/1444/932
f 973/1537/976 976/1504/976 982/1538/982 979/1512/982
f 974/1509/980 971/1539/1001 899/1468/952 902/1466/952
f 907/1447/933 903/1445/932 980/1536/1000 988/1540/1002
f 977/1517/986 904/1444/932 908/1457/943 994/1518/987
f 988/1540/1002 997/1541/1003 906/1448/934 907/1447/933
f 997/1528/994 998/1531/997 905/1451/937 906/1450/936
f 1004/1542/1004 1003/1543/1005 909/1455/941 910/1454/940
f 1003/1544/1006 994/1518/987 908/1457/943 909/1456/942
f 991/1520/988 1016/1523/991 915/1474/958 914/1469/953
f 1016/1545/1007 1010/1546/1008 916/1471/955 915/1476/960
f 974/1509/980 902/1466/952 911/1463/949 985/1510/981
f 914/1469/953 899/1468/952 971/1539/1001 991/1520/988
f 1007/1547/1009 913/1460/946 905/1451/937 998/1531/997
f 910/1454/940 916/1471/955 1010/1546/1008 1004/1542/1004
f 982/1538/982 995/1533/998 986/1548/1010
f 973/1537/976 1018/1526/993 989/1525/992
f 1007/1547/1009 1015/1549/1011 912/1461/947 913/1460/946
f 1015/1550/1012 985/1510/981 911/1463/949 912/1462/948
f 973/1537/976 979/1512/982 1006/1551/1013 1012/1552/1014
f 1009/1553/1015 976/1504/976 1013/1554/1016
f 1009/1553/1015 1000/1534/999 982/1538/982 976/1504/976
f 1006/1551/1013 979/1512/982 1001/1555/1017
f 973/1537/976 972/1556/1018 975/1505/977 976/1504/976
f 972/1557/1018 971/1539/1001 974/1509/980 975/1508/977
f 977/1517/986 978/1516/983 981/1558/1019 980/1536/1000
f 978/1513/983 979/1512/982 982/1538/982 981/1559/1019
f 983/1507/979 984/1506/978 1014/1560/1020 1013/1554/1016
f 984/1511/978 985/1510/981 1015/1550/1012 1014/1561/1020
f 980/1536/1000 981/1558/1019 987/1562/1021 988/1540/1002
f 981/1559/1019 982/1538/982 986/1548/1010 987/1563/1021
f 971/1539/1001 972/1557/1018 990/1521/989 991/1520/988
f 972/1556/1018 973/1537/976 989/1525/992 990/1524/989
f 992/1515/985 993/1514/984 1002/1564/1022 1001/1555/1017
f 993/1519/984 994/1518/987 1003/1544/1006 1002/1565/1022
f 988/1540/1002 987/1562/1021 996/1566/995 997/1541/1003
f 987/1563/1021 986/1548/1010 995/1533/998 996/1532/995
f 998/1531/997 999/1530/996 1008/1567/1023 1007/1547/1009
f 999/1535/996 1000/1534/999 1009/1553/1015 1008/1568/1023
f 1001/1555/1017 1002/1564/1022 1005/1569/1024 1006/1551/1013
f 1002/1570/1022 1003/1543/1005 1004/1542/1004 1005/1571/1024
f 1006/1551/1013 1005/1569/1024 1011/1572/1025 1012/1552/1014
f 1005/1571/1024 1004/1542/1004 1010/1546/1008 1011/1573/1025
f 1007/1547/1009 1008/1567/1023 1014/1574/1020 1015/1549/1011
f 1008/1568/1023 1009/1553/1015 1013/1554/1016 1014/1560/1020
f 1012/1552/1014 1011/1572/1025 1017/1527/990 1018/1526/993
f 1011/1573/1025 1010/1546/1008 1016/1545/1007 1017/1575/990
f 934/1437/908 958/1424/919 953/1423/918
f 947/1479/963 931/1410/908 938/1413/911
f 982/1538/982 1000/1534/999 995/1533/998
f 1001/1555/1017 979/1512/982 992/1515/985
f 973/1537/976 1012/1552/1014 1018/1526/993
f 1013/1554/1016 976/1504/976 983/1507/979
f 968/1481/965 925/1402/902 941/1405/905
f 965/1429/923 928/1436/901 961/1426/920
